Long,Lat,Site,Plot,Stake,color,full ID
-71.32074443,44.04263431,C1,1,A1,orange,C1 1 A1
-71.32082426,44.04270346,C1,1,A2,blue,C1 1 A2
-71.3209041,44.04277269,C1,1,A3,blue,C1 1 A3
-71.32098382,44.04284183,C1,1,A4,orange,C1 1 A4
-71.32064857,44.0426919,C1,1,B1,blue,C1 1 B1
-71.32072841,44.04276104,C1,1,B2,blue,C1 1 B2
-71.32080812,44.04283028,C1,1,B3,blue,C1 1 B3
-71.32088796,44.04289942,C1,1,B4,blue,C1 1 B4
-71.32055259,44.0427494,C1,1,C1,blue,C1 1 C1
-71.32063243,44.04281863,C1,1,C2,blue,C1 1 C2
-71.32071227,44.04288778,C1,1,C3,blue,C1 1 C3
-71.32079211,44.04295701,C1,1,C4,blue,C1 1 C4
-71.32045674,44.04280699,C1,1,D1,orange,C1 1 D1
-71.32053657,44.04287613,C1,1,D2,blue,C1 1 D2
-71.32061629,44.04294537,C1,1,D3,blue,C1 1 D3
-71.32069612,44.04301451,C1,1,D4,orange,C1 1 D4
-71.32028104,44.04279534,C1,1,E,pink,C1 1 E
-71.32067998,44.04314133,C1,1,N,pink,C1 1 N
-71.32122408,44.04234646,C1,2,A1,orange,C1 2 A1
-71.32130379,44.04241569,C1,2,A2,blue,C1 2 A2
-71.32138363,44.04248483,C1,2,A3,blue,C1 2 A3
-71.32146347,44.04255407,C1,2,A4,orange,C1 2 A4
-71.3211281,44.04240405,C1,2,B1,blue,C1 2 B1
-71.32120794,44.04247328,C1,2,B2,blue,C1 2 B2
-71.32128778,44.04254242,C1,2,B3,blue,C1 2 B3
-71.32136749,44.04261166,C1,2,B4,blue,C1 2 B4
-71.32103225,44.04246164,C1,2,C1,blue,C1 2 C1
-71.32111208,44.04253078,C1,2,C2,blue,C1 2 C2
-71.3211918,44.04260001,C1,2,C3,blue,C1 2 C3
-71.32127163,44.04266915,C1,2,C4,blue,C1 2 C4
-71.32093627,44.04251923,C1,2,D1,orange,C1 2 D1
-71.3210161,44.04258837,C1,2,D2,blue,C1 2 D2
-71.32109594,44.04265751,C1,2,D3,blue,C1 2 D3
-71.32117565,44.04272675,C1,2,D4,orange,C1 2 D4
-71.32124022,44.04221972,C1,2,S,pink,C1 2 S
-71.32163916,44.04256571,C1,2,W,pink,C1 2 W
-71.32200794,44.04206619,C1,3,A1,orange,C1 3 A1
-71.32200854,44.04197623,C1,3,A2,blue,C1 3 A2
-71.32200902,44.04188619,C1,3,A3,blue,C1 3 A3
-71.3220095,44.04179624,C1,3,A4,orange,C1 3 A4
-71.32188324,44.04206584,C1,3,B1,blue,C1 3 B1
-71.32188372,44.04197589,C1,3,B2,blue,C1 3 B2
-71.32188419,44.04188585,C1,3,B3,blue,C1 3 B3
-71.3218848,44.04179589,C1,3,B4,blue,C1 3 B4
-71.32175841,44.0420655,C1,3,C1,blue,C1 3 C1
-71.32175901,44.04197545,C1,3,C2,blue,C1 3 C2
-71.32175949,44.0418855,C1,3,C3,blue,C1 3 C3
-71.32175997,44.04179546,C1,3,C4,blue,C1 3 C4
-71.32163371,44.04206506,C1,3,D1,orange,C1 3 D1
-71.32163419,44.04197511,C1,3,D2,blue,C1 3 D2
-71.32163466,44.04188507,C1,3,D3,blue,C1 3 D3
-71.32163527,44.04179512,C1,3,D4,orange,C1 3 D4
-71.3215084,44.04215476,C1,3,NE,pink,C1 3 NE
-71.32213217,44.04215657,C1,3,NW,pink,C1 3 NW
-71.32151104,44.04170473,C1,3,SE,pink,C1 3 SE
-71.3221348,44.04170663,C1,3,SW,pink,C1 3 SW
-71.32217411,44.04268376,C1,4,A1,orange,C1 4 A1
-71.32215305,44.04259505,C1,4,A2,blue,C1 4 A2
-71.32213186,44.04250635,C1,4,A3,blue,C1 4 A3
-71.32211067,44.04241765,C1,4,A4,orange,C1 4 A4
-71.32205127,44.04269904,C1,4,B1,blue,C1 4 B1
-71.32203008,44.04261034,C1,4,B2,blue,C1 4 B2
-71.32200889,44.04252164,C1,4,B3,blue,C1 4 B3
-71.3219877,44.04243294,C1,4,B4,blue,C1 4 B4
-71.3219283,44.04271424,C1,4,C1,blue,C1 4 C1
-71.32190711,44.04262553,C1,4,C2,blue,C1 4 C2
-71.32188592,44.04253683,C1,4,C3,blue,C1 4 C3
-71.32186473,44.04244813,C1,4,C4,blue,C1 4 C4
-71.32180533,44.04272952,C1,4,D1,orange,C1 4 D1
-71.32178414,44.04264082,C1,4,D2,blue,C1 4 D2
-71.32176295,44.04255212,C1,4,D3,blue,C1 4 D3
-71.32174188,44.04246342,C1,4,D4,orange,C1 4 D4
-71.32170342,44.04283351,C1,4,NE,pink,C1 4 NE
-71.32231827,44.04275717,C1,4,NW,pink,C1 4 NW
-71.32159772,44.04239,C1,4,SE,pink,C1 4 SE
-71.32221257,44.04231366,C1,4,SW,pink,C1 4 SW
-71.31991043,44.04303417,C1,5,A1,orange,C1 5 A1
-71.32002747,44.04306528,C1,5,A2,blue,C1 5 A2
-71.32014452,44.04309639,C1,5,A3,blue,C1 5 A3
-71.32026156,44.04312751,C1,5,A4,orange,C1 5 A4
-71.31986729,44.04311859,C1,5,B1,blue,C1 5 B1
-71.31998434,44.04314971,C1,5,B2,blue,C1 5 B2
-71.32010138,44.04318082,C1,5,B3,blue,C1 5 B3
-71.32021843,44.04321202,C1,5,B4,blue,C1 5 B4
-71.31982403,44.04320302,C1,5,C1,blue,C1 5 C1
-71.31994108,44.04323413,C1,5,C2,blue,C1 5 C2
-71.32005825,44.04326524,C1,5,C3,blue,C1 5 C3
-71.32017529,44.04329645,C1,5,C4,blue,C1 5 C4
-71.3197809,44.04328745,C1,5,D1,orange,C1 5 D1
-71.31989794,44.04331856,C1,5,D2,blue,C1 5 D2
-71.32001499,44.04334976,C1,5,D3,blue,C1 5 D3
-71.32013216,44.04338087,C1,5,D4,orange,C1 5 D4
-71.31962072,44.04334076,C1,5,NE,pink,C1 5 NE
-71.32020594,44.04349642,C1,5,NW,pink,C1 5 NW
-71.31983652,44.04291854,C1,5,SE,pink,C1 5 SE
-71.32042187,44.04307428,C1,5,SW,pink,C1 5 SW
-71.32115964,44.04285348,C1,"1,2",NA,pink,"C1 1,2"
-71.32076057,44.04250758,C1,"1,2",NA,pink,"C1 1,2"
-71.26973511,44.05895561,C2,1,A1,orange,C2 1 A1
-71.26966399,44.05888157,C2,1,A2,blue,C2 1 A2
-71.26959299,44.05880763,C2,1,A3,blue,C2 1 A3
-71.26952187,44.05873368,C2,1,A4,orange,C2 1 A4
-71.26963257,44.05900689,C2,1,B1,blue,C2 1 B1
-71.26956145,44.05893286,C2,1,B2,blue,C2 1 B2
-71.26949033,44.05885891,C2,1,B3,blue,C2 1 B3
-71.26941934,44.05878497,C2,1,B4,blue,C2 1 B4
-71.26953003,44.05905809,C2,1,C1,blue,C2 1 C1
-71.26945891,44.05898414,C2,1,C2,blue,C2 1 C2
-71.26938779,44.0589102,C2,1,C3,blue,C2 1 C3
-71.26931667,44.05883617,C2,1,C4,blue,C2 1 C4
-71.26942736,44.05910937,C2,1,D1,orange,C2 1 D1
-71.26935624,44.05903543,C2,1,D2,blue,C2 1 D2
-71.26928525,44.0589614,C2,1,D3,blue,C2 1 D3
-71.26921413,44.05888745,C2,1,D4,orange,C2 1 D4
-71.26940361,44.0592033,C2,1,NE,pink,C2 1 NE
-71.26986523,44.05897265,C2,1,NW,pink,C2 1 NW
-71.26908376,44.05887042,C2,1,SE,pink,C2 1 SE
-71.26954538,44.05863976,C2,1,SW,pink,C2 1 SW
-71.26905942,44.05951409,C2,2,A1,orange,C2 2 A1
-71.26898842,44.05944005,C2,2,A2,blue,C2 2 A2
-71.2689173,44.05936611,C2,2,A3,blue,C2 2 A3
-71.26884618,44.05929216,C2,2,A4,orange,C2 2 A4
-71.26895688,44.05956537,C2,2,B1,blue,C2 2 B1
-71.26888575,44.05949134,C2,2,B2,blue,C2 2 B2
-71.26881464,44.05941739,C2,2,B3,blue,C2 2 B3
-71.26874364,44.05934345,C2,2,B4,blue,C2 2 B4
-71.26885433,44.05961657,C2,2,C1,blue,C2 2 C1
-71.26878321,44.05954262,C2,2,C2,blue,C2 2 C2
-71.2687121,44.05946868,C2,2,C3,blue,C2 2 C3
-71.26864097,44.05939464,C2,2,C4,blue,C2 2 C4
-71.26875167,44.05966785,C2,2,D1,orange,C2 2 D1
-71.26868067,44.05959391,C2,2,D2,blue,C2 2 D2
-71.26860955,44.05951987,C2,2,D3,blue,C2 2 D3
-71.26853843,44.05944593,C2,2,D4,orange,C2 2 D4
-71.26840806,44.05942889,C2,2,SE,pink,C2 2 SE
-71.26886969,44.05919824,C2,2,SW,pink,C2 2 SW
-71.26937939,44.05984697,C2,3,A1,orange,C2 3 A1
-71.26930827,44.05977293,C2,3,A2,blue,C2 3 A2
-71.26923715,44.05969899,C2,3,A3,blue,C2 3 A3
-71.26916603,44.05962505,C2,3,A4,orange,C2 3 A4
-71.26927672,44.05989816,C2,3,B1,blue,C2 3 B1
-71.26920573,44.05982422,C2,3,B2,blue,C2 3 B2
-71.26913461,44.05975028,C2,3,B3,blue,C2 3 B3
-71.26906349,44.05967624,C2,3,B4,blue,C2 3 B4
-71.26917418,44.05994945,C2,3,C1,blue,C2 3 C1
-71.26910306,44.05987551,C2,3,C2,blue,C2 3 C2
-71.26903207,44.05980156,C2,3,C3,blue,C2 3 C3
-71.26896095,44.05972753,C2,3,C4,blue,C2 3 C4
-71.26907164,44.06000073,C2,3,D1,orange,C2 3 D1
-71.26900052,44.05992679,C2,3,D2,blue,C2 3 D2
-71.2689294,44.05985276,C2,3,D3,blue,C2 3 D3
-71.26885841,44.05977881,C2,3,D4,orange,C2 3 D4
-71.26904789,44.06009466,C2,3,NE,pink,C2 3 NE
-71.26950951,44.05986401,C2,3,NW,pink,C2 3 NW
-71.27011734,44.05967258,C2,4,A1,orange,C2 4 A1
-71.27011789,44.05958254,C2,4,A2,blue,C6 4 A2
-71.27011857,44.05949259,C2,4,A3,blue,C6 4 A3
-71.27011912,44.05940254,C2,4,A4,orange,C2 4 A4
-71.26999247,44.05967209,C2,4,B1,blue,C6 4 B1
-71.26999315,44.05958214,C2,4,B2,blue,C6 4 B2
-71.2699937,44.0594921,C2,4,B3,blue,C6 4 B3
-71.26999438,44.05940214,C2,4,B4,blue,C6 4 B4
-71.26986773,44.05967169,C2,4,C1,blue,C6 4 C1
-71.26986828,44.05958165,C2,4,C2,blue,C6 4 C2
-71.26986896,44.0594917,C2,4,C3,blue,C6 4 C3
-71.26986952,44.05940174,C2,4,C4,blue,C6 4 C4
-71.26974286,44.05967129,C2,4,D1,orange,C2 4 D1
-71.26974354,44.05958125,C2,4,D2,blue,C6 4 D2
-71.2697441,44.0594913,C2,4,D3,blue,C6 4 D3
-71.26974477,44.05940125,C2,4,D4,orange,C2 4 D4
-71.26964878,44.0597415,C2,4,NE,pink,C2 4 NE
-71.27021056,44.05974348,C2,4,NW,pink,C2 4 NW
-71.26965154,44.05933351,C2,4,SE,pink,C2 4 SE
-71.27021292,44.05933486,C2,4,SW,pink,C2 4 SW
-71.26918954,44.05953113,C2,"2,3",NA,pink,"C2 2,3"
-71.26872791,44.05976178,C2,"2,3",NA,pink,"C2 2,3"
-71.29110867,44.03807481,C3,1,A1,orange,C3 1 A1
-71.29112982,44.03816352,C3,1,A2,blue,C3 1 A2
-71.29115096,44.03825223,C3,1,A3,blue,C3 1 A3
-71.2911721,44.03834093,C3,1,A4,orange,C3 1 A4
-71.29123165,44.03805965,C3,1,B1,blue,C3 1 B1
-71.29125279,44.03814836,C3,1,B2,blue,C3 1 B2
-71.29127393,44.03823706,C3,1,B3,blue,C3 1 B3
-71.29129494,44.03832568,C3,1,B4,blue,C3 1 B4
-71.29135461,44.0380444,C3,1,C1,blue,C3 1 C1
-71.29137576,44.03813311,C3,1,C2,blue,C3 1 C2
-71.2913969,44.03822181,C3,1,C3,blue,C3 1 C3
-71.29141792,44.03831052,C3,1,C4,blue,C3 1 C4
-71.29147758,44.03802915,C3,1,D1,orange,C3 1 D1
-71.29149873,44.03811785,C3,1,D2,blue,C3 1 D2
-71.29151987,44.03820656,C3,1,D3,blue,C3 1 D3
-71.29154089,44.03829527,C3,1,D4,orange,C3 1 D4
-71.29107015,44.0384449,C3,1,NE,pink,C3 1 NE
-71.291685,44.03836873,C3,1,NW,pink,C3 1 NW
-71.29100322,44.03763136,C3,2,A1,orange,C3 2 A1
-71.29102436,44.03772007,C3,2,A2,blue,C3 2 A2
-71.29104537,44.03780878,C3,2,A3,blue,C3 2 A3
-71.29106651,44.03789739,C3,2,A4,orange,C3 2 A4
-71.29112618,44.03761611,C3,2,B1,blue,C3 2 B1
-71.29114733,44.03770482,C3,2,B2,blue,C3 2 B2
-71.29116834,44.03779353,C3,2,B3,blue,C3 2 B3
-71.29118949,44.03788223,C3,2,B4,blue,C3 2 B4
-71.29124915,44.03760086,C3,2,C1,blue,C3 2 C1
-71.29127029,44.03768956,C3,2,C2,blue,C3 2 C2
-71.29129131,44.03777827,C3,2,C3,blue,C3 2 C3
-71.29131245,44.03786698,C3,2,C4,blue,C3 2 C4
-71.29137212,44.03758569,C3,2,D1,orange,C3 2 D1
-71.29139314,44.0376744,C3,2,D2,blue,C3 2 D2
-71.29141428,44.03776302,C3,2,D3,blue,C3 2 D3
-71.29143542,44.03785173,C3,2,D4,orange,C3 2 D4
-71.2908591,44.03755781,C3,2,SE,pink,C3 2 SE
-71.29161806,44.03755519,C3,3,A1,orange,C3 3 A1
-71.29163908,44.0376439,C3,3,A2,blue,C3 3 A2
-71.29166022,44.03773261,C3,3,A4,blue,C3 3 A4
-71.29168136,44.03782131,C3,3,A4,orange,C3 3 A4
-71.29174103,44.03753994,C3,3,B1,blue,C3 3 B1
-71.29176204,44.03762865,C3,3,B2,blue,C3 3 B2
-71.29178319,44.03771736,C3,3,B3,blue,C3 3 B3
-71.29180433,44.03780606,C3,3,B4,blue,C3 3 B4
-71.291864,44.03752478,C3,3,C1,blue,C3 3 C1
-71.29188501,44.03761349,C3,3,C2,blue,C3 3 C2
-71.29190616,44.03770219,C3,3,C3,blue,C3 3 C3
-71.2919273,44.0377909,C3,3,C4,blue,C3 3 C4
-71.29198684,44.03750953,C3,3,D1,orange,C3 3 D1
-71.29200798,44.03759823,C3,3,D2,blue,C3 3 D2
-71.29202913,44.03768694,C3,3,D3,blue,C3 3 D3
-71.29205027,44.03777565,C3,3,D4,orange,C3 3 D4
-71.29219426,44.0378491,C3,3,NW,pink,C3 3 NW
-71.29194468,44.03733211,C3,4,A1,orange,C3 4 A1
-71.29192353,44.0372434,C3,4,A2,blue,C3 4 A2
-71.29190252,44.03715469,C3,4,A3,blue,C3 4 A3
-71.29188137,44.03706598,C3,4,A4,orange,C3 4 A4
-71.29182171,44.03734736,C3,4,B1,blue,C3 4 B1
-71.29180057,44.03725865,C3,4,B2,blue,C3 4 B2
-71.29177955,44.03716994,C3,4,B3,blue,C3 4 B3
-71.29175841,44.03708124,C3,4,B4,blue,C3 4 B4
-71.29169874,44.03736261,C3,4,C1,blue,C3 4 C1
-71.2916776,44.03727391,C3,4,C2,blue,C3 4 C2
-71.29165658,44.0371852,C3,4,C3,blue,C3 4 C3
-71.29163544,44.03709649,C3,4,C4,blue,C3 4 C4
-71.29157577,44.03737778,C3,4,D1,orange,C3 4 D1
-71.29155475,44.03728907,C3,4,D2,blue,C3 4 D2
-71.29153361,44.03720036,C3,4,D3,blue,C3 4 D3
-71.29151247,44.03711174,C3,4,D4,orange,C3 4 D4
-71.29136848,44.03703819,C3,4,NE,pink,C3 4 NE
-71.2919832,44.03696211,C3,4,SW,pink,C3 4 SW
-71.29096469,44.03800135,C3,"1,2",NA,pink,"C3 1,2"
-71.29157954,44.03792527,C3,"1,2,3",NA,pink,"C3 1,2,3"
-71.29208879,44.03740556,C3,"2,3",NA,pink,"C3 2,3"
-71.29147395,44.03748173,C3,"2,3,4",NA,pink,"C3 2,3,4"
-71.26874688,44.05362727,C4,1,A1,orange,C4 1 A1
-71.26883546,44.05356383,C4,1,A2,blue,C4 1 A2
-71.26892417,44.05350049,C4,1,A3,blue,C4 1 A3
-71.26901276,44.05343715,C4,1,A4,orange,C4 1 A4
-71.26865904,44.05356329,C4,1,B1,blue,C4 1 B1
-71.26874763,44.05349986,C4,1,B2,blue,C4 1 B2
-71.26883634,44.05343651,C4,1,B3,blue,C4 1 B3
-71.26892492,44.05337317,C4,1,B4,blue,C4 1 B4
-71.26857121,44.05349931,C4,1,C1,blue,C4 1 C1
-71.2686598,44.05343597,C4,1,C2,blue,C4 1 C2
-71.26874851,44.05337262,C4,1,C3,blue,C4 1 C3
-71.2688371,44.05330928,C4,1,C4,blue,C4 1 C4
-71.26848338,44.05343542,C4,1,D1,orange,C4 1 D1
-71.26857196,44.05337199,C4,1,D2,blue,C4 1 D2
-71.26866068,44.05330864,C4,1,D3,blue,C4 1 D3
-71.26874939,44.0532453,C4,1,D4,orange,C4 1 D4
-71.26830696,44.05343469,C4,1,E,pink,C4 1 E
-71.26874599,44.0537545,C4,1,N,pink,C4 1 N
-71.26875027,44.05311807,C4,1,S,pink,C4 1 S
-71.2691893,44.05343778,C4,1,W,pink,C4 1 W
-71.26806769,44.05330827,C4,2,A1,orange,C4 2 A1
-71.26815627,44.05324484,C4,2,A2,blue,C4 2 A2
-71.26824486,44.0531815,C4,2,A3,blue,C4 2 A3
-71.26833357,44.05311815,C4,2,A4,orange,C4 2 A4
-71.26797985,44.05324429,C4,2,B1,blue,C4 2 B1
-71.26806844,44.05318086,C4,2,B2,blue,C4 2 B2
-71.26815715,44.05311752,C4,2,B3,blue,C4 2 B3
-71.26824574,44.05305426,C4,2,B4,blue,C4 2 B4
-71.26789202,44.05318031,C4,2,C1,blue,C4 2 C1
-71.26798061,44.05311697,C4,2,C2,blue,C4 2 C2
-71.26806932,44.05305363,C4,2,C3,blue,C4 2 C3
-71.26815791,44.05299029,C4,2,C4,blue,C4 2 C4
-71.2678042,44.05311642,C4,2,D1,orange,C4 2 D1
-71.26789278,44.05305299,C4,2,D2,blue,C4 2 D2
-71.26798149,44.05298965,C4,2,D3,blue,C4 2 D3
-71.2680702,44.0529263,C4,2,D4,orange,C4 2 D4
-71.26762778,44.05311578,C4,2,E,pink,C4 2 E
-71.2680668,44.0534355,C4,2,N,pink,C4 2 N
-71.26807109,44.05279907,C4,2,S,pink,C4 2 S
-71.26851011,44.05311879,C4,2,W,pink,C4 2 W
-71.26708584,44.05333749,C4,3,A1,orange,C4 3 A1
-71.26717442,44.05327415,C4,3,A2,blue,C4 3 A2
-71.26726301,44.05321081,C4,3,A3,blue,C4 3 A3
-71.26735172,44.05314747,C4,3,A4,orange,C4 3 A4
-71.26699801,44.0532736,C4,3,B1,blue,C4 3 B1
-71.26708659,44.05321017,C4,3,B2,blue,C4 3 B2
-71.26717518,44.05314683,C4,3,B3,blue,C4 3 B3
-71.26726389,44.05308349,C4,3,B4,blue,C4 3 B4
-71.26691018,44.05320962,C4,3,C1,blue,C4 3 C1
-71.26699876,44.05314619,C4,3,C2,blue,C4 3 C2
-71.26708748,44.05308294,C4,3,C3,blue,C4 3 C3
-71.26717607,44.0530196,C4,3,C4,blue,C4 3 C4
-71.26682235,44.05314573,C4,3,D1,orange,C4 3 D1
-71.26691094,44.0530823,C4,3,D2,blue,C4 3 D2
-71.26699965,44.05301896,C4,3,D3,blue,C4 3 D3
-71.26708824,44.05295562,C4,3,D4,orange,C4 3 D4
-71.2666458,44.053145,C4,3,E,pink,C4 3 E
-71.26708495,44.05346481,C4,3,N,pink,C4 3 N
-71.26708925,44.05282838,C4,3,S,pink,C4 3 S
-71.26752827,44.0531481,C4,3,W,pink,C4 3 W
-71.26639563,44.0530142,C4,4,A1,orange,C4 4 A1
-71.26649817,44.05296292,C4,4,A2,blue,C4 4 A2
-71.26660082,44.05291163,C4,4,A3,blue,C4 4 A3
-71.26670336,44.05286044,C4,4,A4,orange,C4 4 A4
-71.26632453,44.05294025,C4,4,B1,blue,C4 4 B1
-71.26642718,44.05288897,C4,4,B2,blue,C4 4 B2
-71.26652971,44.05283769,C4,4,B3,blue,C4 4 B3
-71.26663224,44.05278641,C4,4,B4,blue,C4 4 B4
-71.26625342,44.05286622,C4,4,C1,blue,C4 4 C1
-71.26635608,44.05281502,C4,4,C2,blue,C4 4 C2
-71.26645861,44.05276374,C4,4,C3,blue,C4 4 C3
-71.26656114,44.05271246,C4,4,C4,blue,C4 4 C4
-71.26618243,44.05279227,C4,4,D1,orange,C4 4 D1
-71.26628497,44.05274099,C4,4,D2,blue,C4 4 D2
-71.2663875,44.05268971,C4,4,D3,blue,C4 4 D3
-71.26649016,44.05263851,C4,4,D4,orange,C4 4 D4
-71.26600879,44.05276952,C4,4,E,pink,C4 4 E
-71.26636408,44.05313943,C4,4,N,pink,C4 4 N
-71.26652158,44.05251328,C4,4,S,pink,C4 4 S
-71.26687699,44.0528831,C4,4,W,pink,C4 4 W
-71.31660788,44.03944709,C5,1,A1,orange,C5 1 A1
-71.31668857,44.03937838,C5,1,A2,blue,C5 1 A2
-71.31676914,44.03930967,C5,1,A3,blue,C5 1 A3
-71.31684971,44.03924096,C5,1,A4,orange,C5 1 A4
-71.31651276,44.03938887,C5,1,B1,blue,C5 1 B1
-71.31659332,44.03932017,C5,1,B2,blue,C5 1 B2
-71.3166739,44.03925155,C5,1,B3,blue,C5 1 B3
-71.31675446,44.03918284,C5,1,B4,blue,C5 1 B4
-71.31641751,44.03933076,C5,1,C1,blue,C5 1 C1
-71.31649808,44.03926205,C5,1,C2,blue,C5 1 C2
-71.31657864,44.03919334,C5,1,C3,blue,C5 1 C3
-71.31665921,44.03912463,C5,1,C4,blue,C5 1 C4
-71.31632226,44.03927264,C5,1,D1,orange,C5 1 D1
-71.31640283,44.03920393,C5,1,D2,blue,C5 1 D2
-71.3164834,44.03913522,C5,1,D3,blue,C5 1 D3
-71.31656409,44.03906651,C5,1,D4,orange,C5 1 D4
-71.31662256,44.03957391,C5,1,NE,pink,C5 1 NE
-71.31702553,44.03923037,C5,1,NW,pink,C5 1 NW
-71.31614644,44.03928313,C5,1,SE,pink,C5 1 SE
-71.31654941,44.03893968,C5,1,SE,pink,C5 1 SE
-71.315861,44.04002592,C5,2,A1,orange,C5 2 A1
-71.31536265,44.04031126,C5,3,A1,orange,C5 2 A1
-71.31519225,44.04044175,C5,4,A1,orange,C5 2 A1
-71.31594157,44.03995722,C5,2,A2,blue,C5 2 A2
-71.31544334,44.04024255,C5,3,A2,blue,C5 2 A2
-71.315097,44.04038363,C5,4,A2,blue,C5 2 A2
-71.31602214,44.03988851,C5,2,A3,blue,C5 2 A3
-71.31552391,44.04017384,C5,3,A3,blue,C5 2 A3
-71.31500175,44.04032542,C5,4,A3,blue,C5 2 A3
-71.31610271,44.0398198,C5,2,A4,orange,C5 2 A4
-71.31560449,44.04010522,C5,3,A4,orange,C5 2 A4
-71.31490663,44.04026729,C5,4,A4,orange,C5 2 A4
-71.31576575,44.03996781,C5,2,B1,blue,C5 2 B1
-71.3152674,44.04025314,C5,3,B1,blue,C5 2 B1
-71.31511168,44.04051045,C5,4,B1,blue,C5 2 B1
-71.31584632,44.0398991,C5,2,B2,blue,C5 2 B2
-71.3153481,44.04018443,C5,3,B2,blue,C5 2 B2
-71.31501643,44.04045224,C5,4,B2,blue,C5 2 B2
-71.31592689,44.03983039,C5,2,B3,blue,C5 2 B3
-71.31542867,44.04011572,C5,3,B3,blue,C5 2 B3
-71.31492118,44.04039412,C5,4,B3,blue,C5 2 B3
-71.31600746,44.03976168,C5,2,B4,blue,C5 2 B4
-71.31550924,44.04004701,C5,3,B4,blue,C5 2 B4
-71.31482593,44.040336,C5,4,B4,blue,C5 2 B4
-71.3156705,44.0399096,C5,2,C1,blue,C5 2 C1
-71.31517228,44.04019501,C5,3,C1,blue,C5 2 C1
-71.31503111,44.04057916,C5,4,C1,blue,C5 2 C1
-71.31575108,44.03984098,C5,2,C2,blue,C5 2 C2
-71.31533342,44.0400576,C5,3,C2,blue,C5 2 C2
-71.31525285,44.04012631,C5,3,C2,blue,C5 2 C2
-71.31493586,44.04052095,C5,4,C2,blue,C5 2 C2
-71.31583165,44.03977227,C5,2,C3,blue,C5 2 C3
-71.31484061,44.04046283,C5,4,C3,blue,C5 2 C3
-71.31591234,44.03970356,C5,2,C4,blue,C5 2 C4
-71.31541399,44.03998889,C5,3,C4,blue,C5 2 C4
-71.31474536,44.04040471,C5,4,C4,blue,C5 2 C4
-71.31557526,44.03985148,C5,2,D1,orange,C5 2 D1
-71.31507703,44.0401368,C5,3,D1,orange,C5 2 D1
-71.31495041,44.04064778,C5,4,D1,orange,C5 2 D1
-71.31565583,44.03978277,C5,2,D2,blue,C5 2 D2
-71.3151576,44.0400681,C5,3,D2,blue,C5 2 D2
-71.31485529,44.04058966,C5,4,D2,blue,C5 2 D2
-71.31573639,44.03971406,C5,2,D3,blue,C5 2 D3
-71.31523817,44.03999948,C5,3,D3,blue,C5 2 D3
-71.31476004,44.04053154,C5,4,D3,blue,C5 2 D3
-71.31581709,44.03964544,C5,2,D4,orange,C5 2 D4
-71.31531887,44.03993077,C5,3,D4,orange,C5 2 D4
-71.31466479,44.04047342,C5,4,D4,orange,C5 2 D4
-71.31587555,44.04015275,C5,2,NE,pink,C5 2 NE
-71.31496509,44.0407747,C5,2,NE,pink,C5 2 NE
-71.31627853,44.0398093,C5,2,NW,pink,C5 2 NW
-71.31580241,44.03951852,C5,2,SE,pink,C5 2 SE
-71.31539944,44.03986206,C5,2,SE,pink,C5 2 SE
-71.31448897,44.04048391,C5,2,SE,pink,C5 2 SE
-71.31578031,44.04009463,C5,3,NW,pink,C5 3 NW
-71.31530419,44.03980394,C5,3,SW,pink,C5 3 SW
-71.31490121,44.04014739,C5,"3,4",NA,pink,"C5 3,4"
-71.31537733,44.04043809,C5,"3,4",NA,pink,"C5 3,4"
-71.27538578,44.04048764,C6,1,A1,orange,C6 1 A1
-71.27526108,44.04048724,C6,1,A2,blue,C6 1 A2
-71.27513625,44.04048676,C6,1,A3,blue,C6 1 A3
-71.27501155,44.04048636,C6,1,A4,orange,C6 1 A4
-71.27538632,44.0403976,C6,1,B1,blue,C6 1 B1
-71.27526162,44.0403972,C6,1,B2,blue,C6 1 B2
-71.2751368,44.04039681,C6,1,B3,blue,C6 1 B3
-71.2750121,44.04039632,C6,1,B4,blue,C6 1 B4
-71.275387,44.04030764,C6,1,C1,blue,C6 1 C1
-71.27526217,44.04030725,C6,1,C2,blue,C6 1 C2
-71.27513747,44.04030676,C6,1,C3,blue,C6 1 C3
-71.27501265,44.04030637,C6,1,C4,blue,C6 1 C4
-71.27538754,44.0402176,C6,1,D1,orange,C6 1 D1
-71.27526285,44.0402172,C6,1,D2,blue,C6 1 D2
-71.27513802,44.04021681,C6,1,D3,blue,C6 1 D3
-71.27501332,44.04021632,C6,1,D4,orange,C6 1 D4
-71.27550993,44.04057808,C6,1,NW,pink,C6 1  NW
-71.27538877,44.04003769,C6,2,A1,orange,C6 2 A1
-71.27526394,44.04003721,C6,2,A2,blue,C6 2 A2
-71.27513924,44.04003681,C6,2,A3,blue,C6 2 A3
-71.27501441,44.04003632,C6,2,A4,orange,C6 2 A4
-71.27538931,44.03994765,C6,2,B1,blue,C6 2 B1
-71.27526462,44.03994725,C6,2,B2,blue,C6 2 B2
-71.27513979,44.03994677,C6,2,B3,blue,C6 2 B3
-71.27501509,44.03994637,C6,2,B4,blue,C6 2 B4
-71.27538999,44.03985769,C6,2,C1,blue,C6 2 C1
-71.27526516,44.03985721,C6,2,C2,blue,C6 2 C2
-71.27514046,44.03985681,C6,2,C3,blue,C6 2 C3
-71.27501564,44.03985633,C6,2,C4,blue,C6 2 C4
-71.27539053,44.03976765,C6,2,D1,orange,C6 2 D1
-71.27526571,44.03976725,C6,2,D2,blue,C6 2 D2
-71.27514101,44.03976677,C6,2,D3,blue,C6 2 D3
-71.27501619,44.03976637,C6,2,D4,orange,C6 2 D4
-71.27476202,44.04048548,C6,3,A1,orange,C6 3 A1
-71.2746372,44.04048509,C6,3,A2,blue,C6 3 A2
-71.27451249,44.0404846,C6,3,A3,blue,C6 3 A3
-71.27438767,44.0404842,C6,3,A4,orange,C6 3 A4
-71.27476257,44.04039553,C6,3,B1,blue,C6 3 B1
-71.27463774,44.04039504,C6,3,B2,blue,C6 3 B2
-71.27451304,44.04039465,C6,3,B3,blue,C6 3 B3
-71.27438822,44.04039425,C6,3,B4,blue,C6 3 B4
-71.27476312,44.04030548,C6,3,C1,blue,C6 3 C1
-71.27463842,44.04030509,C6,3,C2,blue,C6 3 C2
-71.27451359,44.0403046,C6,3,C3,blue,C6 3 C3
-71.27438889,44.04030421,C6,3,C4,blue,C6 3 C4
-71.27476379,44.04021553,C6,3,D1,orange,C6 3 D1
-71.27463896,44.04021504,C6,3,D2,blue,C6 3 D2
-71.27451427,44.04021465,C6,3,D3,blue,C6 3 D3
-71.27438944,44.04021425,C6,3,D4,orange,C6 3 D4
-71.27426229,44.04057376,C6,3,NE,pink,C6 3 NE
-71.27551591,44.03967809,C6,3,SW,pink,C6 3 SW
-71.27476489,44.04003553,C6,4,A1,orange,C6 4 A1
-71.27476556,44.03994549,C6,4,A2,blue,C6 4 A2
-71.27476611,44.03985554,C6,4,A3,blue,C6 4 A3
-71.27476666,44.03976549,C6,4,A4,orange,C6 4 A4
-71.27464019,44.04003505,C6,4,B1,blue,C6 4 B1
-71.27464074,44.03994509,C6,4,B2,blue,C6 4 B2
-71.27464141,44.03985505,C6,4,B3,blue,C6 4 B3
-71.27464196,44.0397651,C6,4,B4,blue,C6 4 B4
-71.27451536,44.04003465,C6,4,C1,blue,C6 4 C1
-71.27451604,44.0399447,C6,4,C2,blue,C6 4 C2
-71.27451659,44.03985465,C6,4,C3,blue,C6 4 C3
-71.27451714,44.0397647,C6,4,C4,blue,C6 4 C4
-71.27439066,44.04003425,C6,4,D1,orange,C6 4 D1
-71.27439121,44.03994421,C6,4,D2,blue,C6 4 D2
-71.27439189,44.03985426,C6,4,D3,blue,C6 4 D3
-71.27439243,44.03976421,C6,4,D4,orange,C6 4 D4
-71.27426828,44.03967377,C6,4,SE,pink,C6 4 SE
-71.27381496,44.04033544,C6,5,A1,orange,C6 5 A1
-71.27369026,44.04033495,C6,5,A2,blue,NA
-71.27356543,44.04033456,C6,5,A3,blue,NA
-71.27344073,44.04033416,C6,5,A4,orange,C6 5 A4
-71.27381564,44.0402454,C6,5,B1,blue,NA
-71.27369081,44.040245,C6,5,B2,blue,NA
-71.27356611,44.0402446,C6,5,B3,blue,NA
-71.27344128,44.04024412,C6,5,B4,blue,NA
-71.27381619,44.04015544,C6,5,C1,blue,NA
-71.27369148,44.04015495,C6,5,C2,blue,NA
-71.27356666,44.04015456,C6,5,C3,blue,NA
-71.27344196,44.04015416,C6,5,C4,blue,NA
-71.27381674,44.0400654,C6,5,D1,orange,C6 5 D1
-71.27369204,44.040065,C6,5,D2,blue,NA
-71.27356721,44.04006461,C6,5,D3,blue,NA
-71.27344251,44.04006412,C6,5,D4,orange,C6 5 D4
-71.27331536,44.04042372,C6,5,NE,pink,C6 5 NE
-71.27393911,44.04042588,C6,5,NW,pink,C6 5 NW
-71.27331836,44.03997368,C6,5,SE,pink,C6 5 SE
-71.27394211,44.03997584,C6,5,SW,pink,C6 5 SW
-71.27551292,44.04012804,C6,"1,2",NA,pink,"C6 1,2"
-71.27488617,44.04057592,C6,"1,3",NA,pink,"C6 1,3"
-71.27489203,44.03967593,C6,"2,4",NA,pink,"C6 2,4"
-71.27426529,44.04012381,C6,"3,4",NA,pink,"C6 3,4"
-71.27488904,44.04012597,C6,all,CTR,pink,C6 all CTR
-71.30276291,44.05241404,C7,1,A1,orange,C7 1 A1
-71.30276341,44.05232409,C7,1,A2,blue,C7 1 B1
-71.30276404,44.05223404,C7,1,A3,blue,C7 1 C1
-71.30276455,44.05214409,C7,1,A4,orange,C7 1 A4
-71.30263806,44.05241367,C7,1,B1,blue,C7 1 A2
-71.30263869,44.05232363,C7,1,B2,blue,C7 1 B2
-71.30263919,44.05223368,C7,1,B3,blue,C7 1 C2
-71.3026397,44.05214364,C7,1,B4,blue,C7 1 D2
-71.30251333,44.05241331,C7,1,C1,blue,C7 1 C1
-71.30251384,44.05232327,C7,1,C2,blue,C7 1 B3
-71.30251447,44.05223331,C7,1,C3,blue,C7 1 C3
-71.30251497,44.05214327,C7,1,C4,blue,C7 1 D3
-71.30238848,44.05241285,C7,1,D1,orange,C7 1 D1
-71.30238911,44.0523229,C7,1,D2,blue,C7 1 B4
-71.30238962,44.05223286,C7,1,D3,blue,C7 1 C4
-71.30239013,44.05214291,C7,1,D4,orange,C7 1 D4
-71.30226325,44.05250244,C7,1,NE,pink,C7 1 NE
-71.30226591,44.0520525,C7,1,SE,pink,C7 1 SE
-71.30288991,44.0520545,C7,1,SW,pink,C7 1 SW
-71.30338414,44.05286607,C7,2,A1,orange,C7 2 A1
-71.30338464,44.05277603,C7,2,A2,blue,C7 2 A2
-71.30338515,44.05268608,C7,2,A3,blue,C7 2 A3
-71.30338578,44.05259603,C7,2,A4,orange,C7 2 A4
-71.30325929,44.05286562,C7,2,B1,blue,C7 2 B1
-71.30325979,44.05277567,C7,2,B2,blue,C7 2 B2
-71.30326042,44.05268562,C7,2,B3,blue,C7 2 B3
-71.30326093,44.05259567,C7,2,B4,blue,C7 2 B4
-71.30313456,44.05286525,C7,2,C1,blue,C7 2 C1
-71.30313506,44.05277521,C7,2,C2,blue,C7 2 C2
-71.30313557,44.05268526,C7,2,C3,blue,C7 2 C3
-71.3031362,44.05259522,C7,2,C4,blue,C7 2 C4
-71.30300971,44.05286489,C7,2,D1,orange,C7 2 D1
-71.30301021,44.05277485,C7,2,D2,blue,C7 2 D2
-71.30301085,44.05268489,C7,2,D3,blue,C7 2 D3
-71.30301135,44.05259485,C7,2,D4,orange,C7 2 D4
-71.30351113,44.05250644,C7,2,SW,pink,C7 2 SW
-71.30338136,44.05331602,C7,3,A1,orange,C7 3 A1
-71.30338187,44.05322606,C7,3,A2,blue,C7 3 A2
-71.3033825,44.05313602,C7,3,A3,blue,C7 3 A3
-71.303383,44.05304607,C7,3,A4,orange,C7 3 A4
-71.30325651,44.05331565,C7,3,B1,blue,C7 3 B1
-71.30325714,44.05322561,C7,3,B2,blue,C7 3 B2
-71.30325765,44.05313566,C7,3,B3,blue,C7 3 B3
-71.30325815,44.05304562,C7,3,B4,blue,C7 3 B4
-71.30313179,44.05331529,C7,3,C1,blue,C7 3 C1
-71.30313229,44.05322525,C7,3,C2,blue,C7 3 C2
-71.3031328,44.05313529,C7,3,C3,blue,C7 3 C3
-71.30313343,44.05304525,C7,3,C4,blue,C7 3 C4
-71.30300693,44.05331484,C7,3,D1,orange,C7 3 D1
-71.30300756,44.05322488,C7,3,D2,blue,C7 3 D2
-71.30300807,44.05313484,C7,3,D3,blue,C7 3 D3
-71.30300857,44.05304489,C7,3,D4,orange,C7 3 D4
-71.30288157,44.05340442,C7,3,NE,pink,C7 3 NE
-71.30350559,44.05340642,C7,3,NW,pink,C7 3 NW
-71.30330822,44.05404387,C7,4,A1,orange,C7 4 A1
-71.30330885,44.05395391,C7,4,A2,blue,C7 4 B1
-71.30330936,44.05386387,C7,4,A3,blue,C7 4 C1
-71.30330986,44.05377392,C7,4,A4,orange,C7 4 A4
-71.3031835,44.0540435,C7,4,B1,blue,C7 4 A2
-71.303184,44.05395346,C7,4,B2,blue,C7 4 B2
-71.3031845,44.05386351,C7,4,B3,blue,C7 4 C2
-71.30318513,44.05377346,C7,4,B4,blue,C7 4 D2
-71.30305864,44.05404305,C7,4,C1,blue,C7 4 A3
-71.30305927,44.0539531,C7,4,C2,blue,C7 4 B3
-71.30305977,44.05386305,C7,4,C3,blue,C7 4 C3
-71.30306028,44.0537731,C7,4,C4,blue,C7 4 D3
-71.30293391,44.05404268,C7,4,D1,orange,C7 4 D1
-71.30293442,44.05395273,C7,4,D2,blue,C7 4 B4
-71.30293492,44.05386269,C7,4,D3,blue,C7 4 C4
-71.30293555,44.05377274,C7,4,D4,orange,C7 4 D4
-71.30280855,44.05413227,C7,4,NE,pink,C7 4 NE
-71.30343245,44.05413428,C7,4,NW,pink,C7 4  NW
-71.30281133,44.05368233,C7,4,SE,pink,C7 4 SE
-71.30343522,44.05368433,C7,4,SW,pink,C7 4 SW
-71.30288713,44.05250445,C7,"1,2",NA,pink,"C7 1,2"
-71.30350836,44.05295648,C7,"2,3",NA,pink,"C7 2,3"
-71.30288435,44.05295448,C7,"2,3",NA,pink,"C7 2,3"
-71.29744965,44.05409796,C8,1,A1,orange,C8 1 A1
-71.29735363,44.05415553,C8,1,A2,blue,C8 1 A2
-71.29725773,44.05421301,C8,1,A3,blue,C8 1 A3
-71.29716171,44.05427058,C8,1,A4,orange,C8 1 A4
-71.29736982,44.0540288,C8,1,B1,blue,C8 1 B1
-71.29727392,44.05408628,C8,1,B2,blue,C8 1 B2
-71.2971779,44.05414385,C8,1,B3,blue,C8 1 B3
-71.29708201,44.05420142,C8,1,B4,blue,C8 1 B4
-71.29729,44.05395956,C8,1,C1,blue,C8 1 C1
-71.2971941,44.05401712,C8,1,C2,blue,C8 1 C2
-71.29709807,44.0540746,C8,1,C3,blue,C8 1 C3
-71.29700218,44.05413217,C8,1,C4,blue,C8 1 C4
-71.29721029,44.05389039,C8,1,D1,orange,C8 1 D1
-71.29711427,44.05394787,C8,1,D2,blue,C8 1 D2
-71.29701837,44.05400544,C8,1,D3,blue,C8 1 D3
-71.29692235,44.05406301,C8,1,D4,orange,C8 1 D4
-71.29714564,44.05439731,C8,1,NE,pink,C8 1 NE
-71.29674663,44.05405133,C8,1,SE,pink,C8 1 SE
-71.29792938,44.05381029,C8,2,A1,orange,C8 2 A1
-71.29783349,44.05386777,C8,2,A2,blue,C8 2 A2
-71.29773747,44.05392534,C8,2,A3,blue,C8 2 A3
-71.29764157,44.05398291,C8,2,A4,orange,C8 2 A4
-71.29784956,44.05374104,C8,2,B1,blue,C8 2 B1
-71.29775366,44.05379861,C8,2,B2,blue,C8 2 B2
-71.29765776,44.05385618,C8,2,B3,blue,C8 2 B3
-71.29756174,44.05391366,C8,2,B4,blue,C8 2 B4
-71.29776985,44.05367188,C8,2,C1,blue,C8 2 C1
-71.29767383,44.05372936,C8,2,C2,blue,C8 2 C2
-71.29757794,44.05378693,C8,2,C3,blue,C8 2 C3
-71.29748192,44.0538445,C8,2,C4,blue,C8 2 C4
-71.29769003,44.05360263,C8,2,D1,orange,C8 2 D1
-71.29759413,44.0536602,C8,2,D2,blue,C8 2 D2
-71.29749811,44.05371777,C8,2,D3,blue,C8 2 D3
-71.29740221,44.05377525,C8,2,D4,orange,C8 2 D4
-71.29810511,44.05382188,C8,2,NW,pink,C8 2 NW
-71.29772095,44.05335001,C8,3,A1,orange,C8 3 A1
-71.29762506,44.05340758,C8,3,A2,blue,C8 3 A2
-71.29752904,44.05346515,C8,3,A3,blue,C8 3 A3
-71.29743314,44.05352263,C8,3,A4,orange,C8 3 A4
-71.29764113,44.05328085,C8,3,B1,blue,C8 3 B1
-71.29754523,44.05333842,C8,3,B2,blue,C8 3 B2
-71.29744921,44.0533959,C8,3,B3,blue,C8 3 B3
-71.29735331,44.05345347,C8,3,B4,blue,C8 3 B4
-71.29756143,44.05321169,C8,3,C1,blue,C8 3 C1
-71.2974654,44.05326917,C8,3,C2,blue,C8 3 C2
-71.29736951,44.05332674,C8,3,C3,blue,C8 3 C3
-71.29727349,44.05338431,C8,3,C4,blue,C8 3 C4
-71.2974816,44.05314244,C8,3,D1,orange,C8 3 D1
-71.2973857,44.05320001,C8,3,D2,blue,C8 3 D2
-71.29728968,44.05325749,C8,3,D3,blue,C8 3 D3
-71.29719379,44.05331506,C8,3,D4,orange,C8 3 D4
-71.29789667,44.05336169,C8,3,NW,pink,C8 3 NW
-71.29701794,44.05330338,C8,3,SE,pink,C8 3 SE
-71.29749779,44.05301571,C8,3,SW,pink,C8 3 SW
-71.29997141,44.05493014,C8,4,A1,orange,C8 4 A1
-71.29996094,44.0548405,C8,4,A2,blue,C8 4 A2
-71.29995061,44.05475086,C8,4,A3,blue,C8 4 A3
-71.29994026,44.05466112,C8,4,A4,orange,C8 4 A4
-71.29984698,44.0549376,C8,4,B1,blue,C8 4 B1
-71.29983664,44.05484796,C8,4,B2,blue,C8 4 B2
-71.2998263,44.05475822,C8,4,B3,blue,C8 4 B3
-71.29981596,44.05466858,C8,4,B4,blue,C8 4 B4
-71.29972267,44.05494496,C8,4,C1,blue,C8 4 C1
-71.29971221,44.05485541,C8,4,C2,blue,C8 4 C2
-71.29970187,44.05476568,C8,4,C3,blue,C8 4 C3
-71.29969154,44.05467604,C8,4,C4,blue,C8 4 C4
-71.29959825,44.05495242,C8,4,D1,orange,C8 4 D1
-71.29958791,44.05486287,C8,4,D2,blue,C8 4 D2
-71.29957757,44.05477314,C8,4,D3,blue,C8 4 D3
-71.29956724,44.05468349,C8,4,D4,orange,C8 4 D4
-71.29948416,44.05504961,C8,4,NE,pink,C8 4 NE
-71.30010605,44.05501233,C8,4,NW,pink,C8 4 NW
-71.29943259,44.05460112,C8,4,SE,pink,C8 4 SE
-71.30005447,44.05456393,C8,4,SW,pink,C8 4 SW
-71.29943813,44.05412186,C8,5,A1,orange,C8 5 A1
-71.29934958,44.05418523,C8,5,A2,blue,C4 1 A3
-71.2992609,44.05424859,C8,5,A3,blue,C4 1 A2
-71.29917234,44.05431205,C8,5,A4,orange,C8 5 A4
-71.29935026,44.05405791,C8,5,B1,blue,C4 1 B4
-71.29926171,44.05412127,C8,5,B2,blue,C4 1 B3
-71.29917303,44.05418464,C8,5,B3,blue,C4 1 B2
-71.29908448,44.0542481,C8,5,B4,blue,C4 1 B1
-71.2992624,44.05399404,C8,5,C1,blue,C4 1 C4
-71.29917385,44.05405741,C8,5,C2,blue,C4 1 C3
-71.29908517,44.05412069,C8,5,C3,blue,C4 1 C2
-71.29899661,44.05418414,C8,5,C4,blue,C4 1 C1
-71.29917466,44.05393009,C8,5,D1,orange,C8 5 D1
-71.29908598,44.05399346,C8,5,D2,blue,C4 1 D3
-71.2989973,44.05405682,C8,5,D3,blue,C4 1 D2
-71.29890875,44.05412028,C8,5,D4,orange,C8 5 D4
-71.29873233,44.0541196,C8,5,E,pink,C8 5 E
-71.29917153,44.05443928,C8,5,N,pink,C8 5 N
-71.29917548,44.05380286,C8,5,S,pink,C8 5 S
-71.29961467,44.05412245,C8,5,W,pink,C8 5 W
-71.29762537,44.05410964,C8,"1,2",NA,pink,"C8 1,2"
-71.29722649,44.05376357,C8,"1,2",NA,pink,"C8 1,2"
-71.29741695,44.05364945,C8,"2,3",NA,pink,"C8 2,3"
-71.29770622,44.0534759,C8,"2,3",NA,pink,"C8 2,3"
-71.27793749,44.04390867,C9,1,A1,orange,C9 1 A1
-71.27805785,44.04393238,C9,1,A2,blue,C9 1 A2
-71.27817821,44.04395609,C9,1,A3,blue,C9 1 A3
-71.27829857,44.04397979,C9,1,A4,orange,C9 1 A4
-71.27797036,44.04382185,C9,1,B1,blue,C9 1 B1
-71.27809072,44.04384556,C9,1,B2,blue,C9 1 B2
-71.27821108,44.04386927,C9,1,B3,blue,C9 1 B3
-71.27833144,44.04389298,C9,1,B4,blue,C9 1 B4
-71.2780031,44.04373504,C9,1,C1,blue,C9 1 C1
-71.27812359,44.04375875,C9,1,C2,blue,C9 1 C2
-71.27824395,44.04378245,C9,1,C3,blue,C9 1 C3
-71.27836431,44.04380616,C9,1,C4,blue,C9 1 C4
-71.27803597,44.04364822,C9,1,D1,orange,C9 1 D1
-71.27815646,44.04367193,C9,1,D2,blue,C9 1 D2
-71.27827681,44.04369564,C9,1,D3,blue,C9 1 D3
-71.27839717,44.04371935,C9,1,D4,orange,C9 1 D4
-71.27778426,44.04397178,C9,1,NE,pink,C9 1 NE
-71.27794848,44.0435377,C9,1,SE,pink,C9 1 SE
-71.27853929,44.04402721,C9,2,A1,orange,C9 2 A1
-71.27865965,44.04405092,C9,2,A2,blue,C9 2 A2
-71.27878001,44.04407463,C9,2,A3,blue,C9 2 A3
-71.27890037,44.04409833,C9,2,A4,orange,C9 2 A4
-71.27857216,44.04394039,C9,2,B1,blue,C9 2 B1
-71.27869252,44.0439641,C9,2,B2,blue,C9 2 B2
-71.27881287,44.04398781,C9,2,B3,blue,C9 2 B3
-71.27893323,44.04401152,C9,2,B4,blue,C9 2 B4
-71.27860502,44.04385358,C9,2,C1,blue,C9 2 C1
-71.27872538,44.04387728,C9,2,C2,blue,C9 2 C2
-71.27884574,44.04390099,C9,2,C3,blue,C9 2 C3
-71.2789661,44.0439247,C9,2,C4,blue,C9 2 C4
-71.27863789,44.04376676,C9,2,D1,orange,C9 2 D1
-71.27875825,44.04379047,C9,2,D2,blue,C9 2 D2
-71.27887861,44.04381418,C9,2,D3,blue,C9 2 D3
-71.27899897,44.04383788,C9,2,D4,orange,C9 2 D4
-71.27915219,44.04377468,C9,2,SW,pink,C9 2 SW
-71.27943385,44.04357819,C9,3,A1,orange,C9 3 A1
-71.27955421,44.0436019,C9,3,A2,blue,C9 1 A2
-71.27967457,44.04362561,C9,3,A3,blue,C9 1 A3
-71.27979493,44.04364931,C9,3,A4,orange,C9 3 A4
-71.27946672,44.04349138,C9,3,B1,blue,C9 1 B1
-71.27958708,44.04351508,C9,3,B2,blue,C9 1 B2
-71.27970744,44.04353879,C9,3,B3,blue,C9 1 B3
-71.2798278,44.0435625,C9,3,B4,blue,C9 1 B4
-71.27949959,44.04340456,C9,3,C1,blue,C9 1 C1
-71.27961994,44.04342827,C9,3,C2,blue,C9 1 C2
-71.2797403,44.04345197,C9,3,C3,blue,C9 1 C3
-71.27986066,44.04347568,C9,3,C4,blue,C9 1 C4
-71.27953245,44.04331774,C9,3,D1,orange,C9 3 D1
-71.27965281,44.04334145,C9,3,D2,blue,C9 1 D2
-71.27977317,44.04336516,C9,3,D3,blue,C9 1 D3
-71.27989353,44.04338886,C9,3,D4,orange,C9 3 D4
-71.27928063,44.0436413,C9,3,NE,pink,C9 3 NE
-71.27988242,44.04375984,C9,3,NW,pink,C9 3 NW
-71.27944496,44.04320722,C9,3,SE,pink,C9 3 SE
-71.28004675,44.04332566,C9,3,SW,pink,C9 3 SW
-71.27948188,44.04431262,C9,4,A1,orange,C9 4 A1
-71.27954467,44.04423484,C9,4,A2,blue,C9 4 A2
-71.27960759,44.04415714,C9,4,A3,blue,C9 4 A3
-71.27967051,44.04407936,C9,4,A4,orange,C9 4 A4
-71.27937404,44.04426723,C9,4,B1,blue,C9 4 B1
-71.27943696,44.04418945,C9,4,B2,blue,C9 4 B2
-71.27949988,44.04411176,C9,4,B3,blue,C9 4 B3
-71.2795628,44.04403406,C9,4,B4,blue,C9 4 B4
-71.27926633,44.04422185,C9,4,C1,blue,C9 4 C1
-71.27932925,44.04414415,C9,4,C2,blue,C9 4 C2
-71.27939205,44.04406637,C9,4,C3,blue,C9 4 C3
-71.27945497,44.04398868,C9,4,C4,blue,C9 4 C4
-71.27915849,44.04417646,C9,4,D1,orange,C9 4 D1
-71.27922141,44.04409877,C9,4,D2,blue,C9 4 D2
-71.27928433,44.04402099,C9,4,D3,blue,C9 4 D3
-71.27934726,44.04394329,C9,4,D4,orange,C9 4 D4
-71.27952666,44.0444357,C9,4,NW,pink,C9 4 NW
-71.27930234,44.04382021,C9,4,SE,pink,C9 4 SE
-71.27984115,44.04404705,C9,4,SW,pink,C9 4 SW
-71.2785504,44.04365624,C9,"1,2",NA,pink,"C9 1,2"
-71.27838606,44.04409032,C9,"1,2",NA,pink,"C9 1,2"
-71.27898786,44.04420886,C9,"2,4",NA,pink,"C9 2,4"
-71.72334859,43.95221352,HBCa,1,A1,orange,C9 4 A1
-71.72324061,43.95216856,HBCa,1,A2,blue,C9 4 B1
-71.72313275,43.95212359,HBCa,1,A3,blue,C9 4 C1
-71.72302477,43.95207863,HBCa,1,A4,orange,C9 4 D1
-71.72341083,43.95213551,HBCa,1,B1,blue,C9 4 A2
-71.72330285,43.95209055,HBCa,1,B2,blue,C9 4 B2
-71.72319499,43.95204558,HBCa,1,B3,blue,C9 4 C2
-71.72308701,43.95200071,HBCa,1,B4,blue,C9 4 D2
-71.72347307,43.95205759,HBCa,1,C1,blue,C9 4 A3
-71.72336509,43.95201263,HBCa,1,C2,blue,C9 4 B3
-71.7232571,43.95196766,HBCa,1,C3,blue,C9 4 C3
-71.72314924,43.9519227,HBCa,1,C4,blue,C9 4 D3
-71.72353518,43.95197958,HBCa,1,D1,orange,C9 4 A4
-71.72342732,43.95193461,HBCa,1,D2,blue,C9 4 B4
-71.72331934,43.95188965,HBCa,1,D3,blue,C9 4 C4
-71.72321148,43.95184469,HBCa,1,D4,orange,C9 4 D4
-71.72285467,43.95211168,HBCa,1,NE,pink,"C9 2,4"
-71.72339434,43.9523364,HBCa,1,NW,pink,C9 4 NW
-71.72316574,43.95172181,HBCa,1,SE,pink,C9 4 SE
-71.7237054,43.95194653,HBCa,1,SW,pink,C9 4 SW
-71.72048526,43.95431299,HBCa,2,A1,orange,HBCa 2 A1
-71.72039711,43.95424937,HBCa,2,A2,blue,HBCa 2 A2
-71.72030896,43.95418574,HBCa,2,A3,blue,HBCa 2 A3
-71.72022082,43.95412221,HBCa,2,A4,orange,HBCa 2 A4
-71.7205732,43.95424922,HBCa,2,B1,blue,HBCa 2 B1
-71.72048505,43.9541856,HBCa,2,B2,blue,HBCa 2 B2
-71.72066127,43.95418554,HBCa,2,C1,blue,HBCa 2 C1
-71.7203969,43.95412198,HBCa,2,C2,blue,HBCa 2 C2
-71.72057312,43.95412192,HBCa,2,C2,blue,HBCa 2 C2
-71.72048497,43.9540583,HBCa,2,C3,blue,HBCa 2 C3
-71.72074934,43.95412186,HBCa,2,D1,orange,HBCa 2 D1
-71.72066119,43.95405824,HBCa,2,D2,blue,HBCa 2 D2
-71.72030876,43.95405844,HBCa,2,D2,blue,HBCa 2 D2
-71.72057304,43.95399462,HBCa,2,D3,blue,HBCa 2 D3
-71.72039683,43.95399476,HBCa,2,D3,blue,HBCa 2 D3
-71.7204849,43.95393108,HBCa,2,D4,orange,HBCa 2 D4
-71.72004459,43.95412218,HBCa,2,E,pink,HBCa 2 E
-71.72048534,43.9544402,HBCa,2,N,pink,HBCa 2 N
-71.72048482,43.95380378,HBCa,2,S,pink,HBCa 2 S
-71.72092556,43.9541218,HBCa,2,W,pink,HBCa 2 W
-71.7385841,43.93701301,HBM,1,A1,orange,HBM 1 A1
-71.7387443,43.93715079,HBM,1,A3,orange,HBM 1 A3
-71.73839344,43.93712886,HBM,1,C1,orange,HBM 1 C1
-71.73855364,43.93726664,HBM,1,C3,orange,HBM 1 C3
-71.73854608,43.93733003,HBM,1,NA,pink,HBM 1
-71.73866426,43.93708185,HBM,1,NA,blue,NA
-71.73883214,43.93715624,HBM,1,NA,pink,HBM 1
-71.73830559,43.93712332,HBM,1,NA,pink,HBM 1
-71.73864903,43.93720871,HBM,1,NA,blue,NA
-71.73859165,43.93694963,HBM,1,NA,pink,HBM 1
-71.73856887,43.93713978,HBM,1,NA,blue,NA
-71.73847347,43.93719771,HBM,1,NA,blue,NA
-71.73848871,43.93707094,HBM,1,NA,blue,NA
-71.73795514,43.93633701,HBM,2,A1,orange,HBM 2 A1
-71.73807979,43.93649283,HBM,2,A3,orange,HBM 2 A3
-71.73773951,43.93642717,HBM,2,C1,orange,HBM 2 C1
-71.73786415,43.936583,HBM,2,C3,orange,HBM 2 C3
-71.73816489,43.93650925,HBM,2,NA,pink,HBM 2
-71.7380174,43.93641492,HBM,2,NA,blue,NA
-71.7376544,43.93641075,HBM,2,NA,pink,HBM 2
-71.73797197,43.93653792,HBM,2,NA,blue,NA
-71.73797786,43.93627551,HBM,2,NA,pink,HBM 2
-71.73790971,43.93646,HBM,2,NA,blue,NA
-71.73780189,43.93650508,HBM,2,NA,blue,NA
-71.7378472,43.93638209,HBM,2,NA,blue,NA
-71.73784155,43.9366444,HBM,2,NA,pink,HBM 2
-71.73718993,43.93632123,HBM,3,A1,orange,HBM 3 A1
-71.73739401,43.93642429,HBM,3,A3,orange,HBM 3 A3
-71.7370472,43.9364687,HBM,3,C1,orange,HBM 3 C1
-71.7372514,43.93657185,HBM,3,C3,orange,HBM 3 C3
-71.73714924,43.93652028,HBM,3,NA,blue,NA
-71.73748084,43.9364132,HBM,3,NA,pink,HBM 3
-71.73726674,43.9366345,HBM,3,NA,pink,HBM 3
-71.73711857,43.93639497,HBM,3,NA,blue,NA
-71.73722061,43.93644654,HBM,3,NA,blue,NA
-71.73732277,43.93649811,HBM,3,NA,blue,NA
-71.7369605,43.93647988,HBM,3,NA,pink,HBM 3
-71.73729197,43.9363728,HBM,3,NA,blue,NA
-71.73717447,43.93625849,HBM,3,NA,pink,HBM 3
-71.73856949,43.93746811,HBM,4,A1,orange,HBM 4 A1
-71.73872982,43.93760589,HBM,4,A3,orange,HBM 4 A3
-71.73837883,43.93758397,HBM,4,C1,orange,HBM 4 C1
-71.73853916,43.93772174,HBM,4,C3,orange,HBM 4 C3
-71.73829111,43.93757842,HBM,4,NA,pink,HBM 4
-71.73881754,43.93761144,HBM,4,NA,pink,HBM 4
-71.7385316,43.93778512,HBM,4,NA,pink,HBM 4
-71.73845899,43.93765281,HBM,4,NA,blue,NA
-71.73864966,43.93753705,HBM,4,NA,blue,NA
-71.73857717,43.93740473,HBM,4,NA,pink,HBM 4
-71.73863442,43.93766382,HBM,4,NA,blue,NA
-71.73847422,43.93752604,HBM,4,NA,blue,NA
-71.73855439,43.93759497,HBM,4,NA,blue,NA
-71.73990002,43.93719986,HBO,0,NA,pink,HBO 0
-71.73899812,43.93713255,HBO,0,NA,pink,HBO 0
-71.74005834,43.93681396,HBO,1,A1,orange,HBO 1 A1
-71.74012363,43.93707979,HBO,1,A4,orange,HBO 1 A4
-71.73969046,43.93686106,HBO,1,D1,orange,HBO 1 D1
-71.73975576,43.93712688,HBO,1,D4,orange,HBO 1 D4
-71.74015932,43.93670962,HBO,1,NA,pink,HBO 1
-71.73954608,43.93678817,HBO,1,NA,pink,HBO 1
-71.73965477,43.93723122,HBO,1,NA,pink,HBO 1
-71.74026802,43.93715268,HBO,1,NA,pink,HBO 1
-71.7400801,43.93690257,HBO,1,NA,blue,NA
-71.74010186,43.93699118,HBO,1,NA,blue,NA
-71.73993571,43.9368296,HBO,1,NA,blue,NA
-71.73995748,43.9369183,HBO,1,NA,blue,NA
-71.73997924,43.93700691,HBO,1,NA,blue,NA
-71.74000101,43.93709552,HBO,1,NA,blue,NA
-71.73981309,43.93684533,HBO,1,NA,blue,NA
-71.73983485,43.93693394,HBO,1,NA,blue,NA
-71.73985661,43.93702255,HBO,1,NA,blue,NA
-71.73987838,43.93711116,HBO,1,NA,blue,NA
-71.73971223,43.93694966,HBO,1,NA,blue,NA
-71.73973399,43.93703827,HBO,1,NA,blue,NA
-71.73940169,43.9367152,HBO,2,A1,orange,HBO 2 A1
-71.73946698,43.93698112,HBO,2,A4,orange,HBO 2 A4
-71.73903382,43.93676238,HBO,2,D1,orange,HBO 2 D1
-71.73909899,43.93702821,HBO,2,D4,orange,HBO 2 D4
-71.73961137,43.937054,HBO,2,NA,pink,HBO 2
-71.73950255,43.93661086,HBO,2,NA,pink,HBO 2
-71.73942345,43.93680381,HBO,2,NA,blue,NA
-71.73944522,43.93689251,HBO,2,NA,blue,NA
-71.73927907,43.93673093,HBO,2,NA,blue,NA
-71.73930083,43.93681954,HBO,2,NA,blue,NA
-71.73932259,43.93690814,HBO,2,NA,blue,NA
-71.73934423,43.93699676,HBO,2,NA,blue,NA
-71.73915644,43.93674665,HBO,2,NA,blue,NA
-71.73917821,43.93683526,HBO,2,NA,blue,NA
-71.73919997,43.93692387,HBO,2,NA,blue,NA
-71.73922161,43.93701248,HBO,2,NA,blue,NA
-71.73905558,43.93685099,HBO,2,NA,blue,NA
-71.73907735,43.9369396,HBO,2,NA,blue,NA
-71.73892513,43.93631924,HBO,3,A1,orange,HBO 3 A1
-71.73899029,43.93658507,HBO,3,A4,orange,HBO 3 A4
-71.73855726,43.93636632,HBO,3,D1,orange,HBO 3 D1
-71.73862243,43.93663225,HBO,3,D4,orange,HBO 3 D4
-71.73888943,43.9366894,HBO,3,NA,pink,HBO 3
-71.73902599,43.9362149,HBO,3,NA,pink,HBO 3
-71.73913468,43.93665804,HBO,3,NA,pink,HBO 3
-71.73841288,43.93629344,HBO,3,NA,pink,HBO 3
-71.73852157,43.93673658,HBO,3,NA,pink,HBO 3
-71.73894689,43.93640785,HBO,3,NA,blue,NA
-71.73896866,43.93649646,HBO,3,NA,blue,NA
-71.73880251,43.93633496,HBO,3,NA,blue,NA
-71.73882427,43.93642357,HBO,3,NA,blue,NA
-71.73884591,43.93651218,HBO,3,NA,blue,NA
-71.73886767,43.93660079,HBO,3,NA,blue,NA
-71.73867988,43.9363506,HBO,3,NA,blue,NA
-71.73870165,43.9364393,HBO,3,NA,blue,NA
-71.73872329,43.93652791,HBO,3,NA,blue,NA
-71.73874505,43.93661652,HBO,3,NA,blue,NA
-71.73857902,43.93645493,HBO,3,NA,blue,NA
-71.73860066,43.93654364,HBO,3,NA,blue,NA
-71.73951038,43.93715834,HBO,4,A1,orange,HBO 4 A1
-71.73957568,43.93742417,HBO,4,A4,blue,NA
-71.73914251,43.93720543,HBO,4,D1,orange,HBO 4 D1
-71.73918591,43.93738265,HBO,4,D3,orange,HBO 4 D3
-71.73979916,43.9373042,HBO,4,Y3,orange,HBO 4 Y3
-71.73982093,43.93739281,HBO,4,Y4,orange,HBO 4 Y4
-71.73967654,43.93731983,HBO,4,Z3,blue,NA
-71.7396983,43.93740853,HBO,4,Z4,blue,NA
-71.73996531,43.93746569,HBO,4,NA,pink,HBO 4
-71.73935207,43.93754424,HBO,4,NA,pink,HBO 4
-71.73908505,43.93748699,HBO,4,NA,pink,HBO 4
-71.73945293,43.9374399,HBO,4,NA,orange,HBO 4
-71.7393303,43.93745563,HBO,4,NA,pink,HBO 4
-71.73953215,43.93724695,HBO,4,NA,blue,NA
-71.73955391,43.93733556,HBO,4,NA,blue,NA
-71.73938776,43.93717407,HBO,4,NA,blue,NA
-71.73940952,43.93726268,HBO,4,NA,blue,NA
-71.73943129,43.93735129,HBO,4,NA,blue,NA
-71.73930854,43.93736702,HBO,4,NA,blue,NA
-71.73926513,43.9371897,HBO,4,NA,blue,NA
-71.7392869,43.9372784,HBO,4,NA,blue,NA
-71.73916427,43.93729404,HBO,4,NA,blue,NA
-71.8897077,44.0370175,JBM,1,A1,orange,JBM 1 A1
-71.88911525,44.03698117,JBM,2,A1,orange,JBM 1 A1
-71.88978771,44.0369484,JBM,1,A2,blue,NA
-71.88919514,44.03691208,JBM,2,A2,blue,NA
-71.88986759,44.0368793,JBM,1,A3,orange,JBM 1 A3
-71.88927501,44.0368429,JBM,2,A3,orange,JBM 1 A3
-71.88961192,44.03695978,JBM,1,B1,blue,NA
-71.88901947,44.03692346,JBM,2,B1,blue,NA
-71.88969192,44.03689068,JBM,1,B2,blue,NA
-71.88909935,44.03685436,JBM,2,B2,blue,NA
-71.8897718,44.03682159,JBM,1,B3,blue,NA
-71.88917923,44.03678527,JBM,2,B3,blue,NA
-71.88951614,44.03690215,JBM,1,C1,orange,JBM 1 C1
-71.88892357,44.03686583,JBM,2,C1,orange,JBM 1 C1
-71.88959614,44.03683306,JBM,1,C2,blue,NA
-71.88900357,44.03679674,JBM,2,C2,blue,NA
-71.88967603,44.03676396,JBM,1,C3,orange,JBM 1 C3
-71.88908346,44.03672764,JBM,2,C3,orange,JBM 1 C3
-71.88943645,44.03690597,JBM,1,NE,pink,JBM 1 NE
-71.88884388,44.03686965,JBM,1,NE,pink,JBM 1 NE
-71.88971565,44.03708086,JBM,1,NW,pink,JBM 1 NW
-71.88912308,44.03704454,JBM,1,NW,pink,JBM 1 NW
-71.88966808,44.0367006,JBM,1,SE,pink,JBM 1 SE
-71.88907563,44.03666419,JBM,1,SE,pink,JBM 1 SE
-71.88995542,44.03687357,JBM,1,SW,pink,JBM 1 SW
-71.88936297,44.03683725,JBM,1,SW,pink,JBM 1 SW
-71.88913275,44.03733581,JBM,3,A1,orange,JBM 3 A1
-71.88917506,44.0372511,JBM,3,A2,blue,NA
-71.88921737,44.03716648,JBM,3,A3,orange,JBM 3 A3
-71.88901532,44.0373052,JBM,3,B1,blue,NA
-71.88905763,44.03722058,JBM,3,B2,blue,NA
-71.88910006,44.03713587,JBM,3,B3,blue,NA
-71.88889802,44.03727468,JBM,3,C1,orange,JBM 3 C1
-71.88894033,44.03719006,JBM,3,C2,blue,NA
-71.88898264,44.03710535,JBM,3,C3,orange,JBM 3 C3
-71.88881809,44.03730173,JBM,3,NE,pink,JBM 3 NE
-71.88917024,44.03739338,JBM,3,NW,pink,JBM 3 NW
-71.88894514,44.03704778,JBM,3,SE,pink,JBM 3 SE
-71.8892973,44.03713943,JBM,3,SW,pink,JBM 3 SW
-71.88942836,44.03769412,JBM,4,A1,orange,JBM 4 A1
-71.88949965,44.0376203,JBM,4,A2,blue,NA
-71.88957094,44.03754647,JBM,4,A3,orange,JBM 4 A3
-71.88932602,44.0376427,JBM,4,B1,blue,NA
-71.88939731,44.03756887,JBM,4,B2,blue,NA
-71.8894686,44.03749504,JBM,4,B3,blue,NA
-71.88922355,44.03759127,JBM,4,C1,orange,JBM 4 C1
-71.88929484,44.03751744,JBM,4,C2,blue,NA
-71.88936613,44.03744361,JBM,4,C3,orange,JBM 4 C3
-71.88913674,44.03760256,JBM,4,NE,pink,JBM 4 NE
-71.88944388,44.03775675,JBM,4,NW,pink,JBM 4 NW
-71.8893506,44.0373809,JBM,4,SE,pink,JBM 4 SE
-71.88965775,44.03753518,JBM,4,SW,pink,JBM 4 SW
-71.88976101,44.0373001,JBM,5,A1,orange,JBM 5 A1
-71.88976075,44.03721008,JBM,5,A2,blue,NA
-71.88976036,44.03712006,JBM,5,A3,orange,JBM 5 A3
-71.88963622,44.03730029,JBM,5,B1,blue,NA
-71.88963596,44.03721036,JBM,5,B2,blue,NA
-71.88963558,44.03712034,JBM,5,B3,blue,NA
-71.88951155,44.03730057,JBM,5,C1,orange,JBM 5 C1
-71.88951117,44.03721055,JBM,5,C2,blue,NA
-71.88951078,44.03712052,JBM,5,C3,orange,JBM 5 C3
-71.88945348,44.03734084,JBM,5,NE,pink,JBM 5 NE
-71.88981925,44.03734031,JBM,5,NW,pink,JBM 5 NW
-71.88945267,44.03708031,JBM,5,SE,pink,JBM 5 SE
-71.88981818,44.03707979,JBM,5,SW,pink,JBM 5 SW
-71.89022514,44.03617387,JBO,1,A1,orange,JBO 1 A1
-71.89024641,44.03608519,JBO,1,A2,blue,NA
-71.89026781,44.03599651,JBO,1,A3,blue,NA
-71.89028908,44.03590783,JBO,1,A4,orange,JBO 1 A4
-71.89010222,44.03615852,JBO,1,B1,blue,NA
-71.89012349,44.03606984,JBO,1,B2,blue,NA
-71.89014488,44.03598116,JBO,1,B3,blue,NA
-71.89016615,44.03589248,JBO,1,B4,blue,NA
-71.88997929,44.03614309,JBO,1,C1,blue,NA
-71.89000056,44.03605441,JBO,1,C2,blue,NA
-71.89002195,44.03596573,JBO,1,C3,blue,NA
-71.89004322,44.03587705,JBO,1,C4,blue,NA
-71.88985637,44.03612774,JBO,1,D1,orange,JBO 1 D1
-71.88987764,44.03603906,JBO,1,D2,blue,NA
-71.88989903,44.03595038,JBO,1,D3,blue,NA
-71.8899203,44.0358617,JBO,1,D4,orange,JBO 1 D4
-71.88971204,44.03620099,JBO,1,NE,pink,JBO 1 NE
-71.88981877,44.03575759,JBO,1,NW,pink,JBO 1 NW
-71.89032668,44.03627798,JBO,1,SE,pink,JBO 1 SE
-71.8904334,44.03583458,JBO,1,SW,pink,JBO 1 SW
-71.88959913,44.03574739,JBO,2,A1,orange,JBO 2 A1
-71.88963108,44.03566034,JBO,2,A2,blue,C9 1 B4
-71.88966305,44.03557337,JBO,2,A3,blue,C9 1 C4
-71.88969501,44.0354864,JBO,2,A4,orange,JBO 2 A4
-71.88947857,44.03572425,JBO,2,B1,blue,C9 1 A3
-71.88951053,44.03563728,JBO,2,B2,blue,C9 1 B3
-71.88954249,44.03555031,JBO,2,B3,blue,C9 1 C3
-71.88957445,44.03546334,JBO,2,B4,blue,C9 1 D3
-71.88935789,44.03570119,JBO,2,C1,blue,C9 1 A2
-71.88938985,44.03561422,JBO,2,C2,blue,C9 1 B2
-71.88942182,44.03552726,JBO,2,C3,blue,C9 1 C2
-71.88945378,44.03544029,JBO,2,C4,blue,C9 1 D2
-71.88923734,44.03567813,JBO,2,D1,orange,JBO 2 D1
-71.8892693,44.03559117,JBO,2,D2,blue,C9 1 B1
-71.88930126,44.0355042,JBO,2,D3,blue,C9 1 C1
-71.88933322,44.03541723,JBO,2,D4,orange,JBO 2 D4
-71.88924463,44.03530711,JBO,2,SE,pink,JBO 2 SE
-71.88984752,44.0354224,JBO,2,SW,pink,JBO 2 SW
-71.89034709,44.03566634,JBO,3,A1,orange,JBO 3 A1
-71.89036836,44.03557766,JBO,3,A2,blue,NA
-71.89038975,44.03548898,JBO,3,A3,blue,NA
-71.89041102,44.0354003,JBO,3,A4,orange,JBO 3 A4
-71.89022416,44.0356509,JBO,3,B1,blue,NA
-71.89024543,44.03556223,JBO,3,B2,blue,NA
-71.89026683,44.03547354,JBO,3,B3,blue,NA
-71.8902881,44.03538487,JBO,3,B4,blue,NA
-71.89010124,44.03563556,JBO,3,C1,blue,NA
-71.89012251,44.03554688,JBO,3,C2,blue,NA
-71.8901439,44.0354582,JBO,3,C3,blue,NA
-71.89016517,44.03536952,JBO,3,C4,blue,NA
-71.88997831,44.03562012,JBO,3,D1,orange,JBO 3 D1
-71.88999958,44.03553145,JBO,3,D2,blue,NA
-71.89002098,44.03544277,JBO,3,D3,blue,NA
-71.89004225,44.03535409,JBO,3,D4,orange,JBO 3 D4
-71.88983412,44.03569346,JBO,3,NE,pink,JBO 3 NE
-71.88994072,44.03525006,JBO,3,NW,pink,JBO 3 NW
-71.89044862,44.03577036,JBO,3,SE,pink,JBO 3 SE
-71.89055534,44.03532696,JBO,3,SW,pink,JBO 3 SW
-71.88943932,44.03618232,JBO,4,A1,orange,JBO 4 A1
-71.88947128,44.03609536,JBO,4,A2,blue,C9 1 B4
-71.88950324,44.0360083,JBO,4,A3,blue,C9 1 C4
-71.8895352,44.03592133,JBO,4,A4,orange,JBO 4 A4
-71.88931877,44.03615927,JBO,4,B1,blue,C9 1 A3
-71.88935073,44.0360723,JBO,4,B2,blue,C9 1 B3
-71.88938269,44.03598524,JBO,4,B3,blue,C9 1 C3
-71.88941465,44.03589827,JBO,4,B4,blue,C9 1 D3
-71.88919821,44.03613621,JBO,4,C1,blue,C9 1 A2
-71.88923018,44.03604924,JBO,4,C2,blue,C9 1 B2
-71.88926213,44.03596218,JBO,4,C3,blue,C9 1 C2
-71.8892941,44.03587521,JBO,4,C4,blue,C9 1 D2
-71.88907754,44.03611315,JBO,4,D1,orange,JBO 4 D1
-71.8891095,44.03602619,JBO,4,D2,blue,C9 1 B1
-71.88914146,44.03593913,JBO,4,D3,blue,C9 1 C1
-71.88917342,44.03585216,JBO,4,D4,orange,JBO 4 D4
-71.88892502,44.03617706,JBO,4,NE,pink,JBO 4 NE
-71.88952791,44.03629235,JBO,4,NW,pink,JBO 4 NW
-71.89025041,44.03478451,JBO,5,A1,orange,JBO 5 A1
-71.89025002,44.03469457,JBO,5,A2,blue,NA
-71.89024976,44.03460455,JBO,5,A3,blue,NA
-71.89024938,44.03451453,JBO,5,A4,orange,JBO 5 A4
-71.89012562,44.03478478,JBO,5,B1,blue,NA
-71.89012524,44.03469476,JBO,5,B2,blue,NA
-71.89012498,44.03460474,JBO,5,B3,blue,NA
-71.8901246,44.03451481,JBO,5,B4,blue,NA
-71.89000084,44.03478506,JBO,5,C1,blue,NA
-71.89000058,44.03469504,JBO,5,C2,blue,NA
-71.89000019,44.03460502,JBO,5,C3,blue,NA
-71.88999981,44.034515,JBO,5,C4,blue,NA
-71.88987618,44.03478525,JBO,5,D1,orange,JBO 5 D1
-71.88987579,44.03469523,JBO,5,D2,blue,NA
-71.88987541,44.03460529,JBO,5,D3,blue,NA
-71.88987515,44.03451527,JBO,5,D4,orange,JBO 5 D4
-71.88975166,44.03487555,JBO,5,NE,pink,JBO 5 NE
-71.89037545,44.03487425,JBO,5,NW,pink,JBO 5 NW
-71.88974999,44.03442553,JBO,5,SE,pink,JBO 5 SE
-71.89037378,44.03442432,JBO,5,SW,pink,JBO 5 SW
-71.88908483,44.03574213,JBO,NA,NA,pink,JBO
-71.88968784,44.03585742,JBO,NA,NA,pink,JBO
,,,,,,
,,,,,,
,,,,,,
,,,,,,
,,,,,,
,,,,,,
,,,,,,
,,,,,,
,,,,,,
,,,,,,
,,,,,,
,,,,,,
,,,,,,
,,,,,,
,,,,,,
,,,,,,
,,,,,,
,,,,,,
,,,,,,
,,,,,,
,,,,,,
,,,,,,
,,,,,,
,,,,,,
,,,,,,
,,,,,,
,,,,,,
,,,,,,
,,,,,,
,,,,,,
,,,,,,
,,,,,,
,,,,,,
,,,,,,
,,,,,,
,,,,,,
,,,,,,
,,,,,,
,,,,,,
,,,,,,
,,,,,,
,,,,,,
,,,,,,
,,,,,,
,,,,,,
,,,,,,
,,,,,,
,,,,,,
,,,,,,
,,,,,,
,,,,,,
,,,,,,
,,,,,,
,,,,,,
,,,,,,
,,,,,,
,,,,,,
,,,,,,
,,,,,,
,,,,,,
,,,,,,
,,,,,,
,,,,,,
,,,,,,
,,,,,,
,,,,,,
,,,,,,
,,,,,,
,,,,,,
,,,,,,
,,,,,,
,,,,,,
,,,,,,
,,,,,,
,,,,,,
,,,,,,
,,,,,,
,,,,,,
,,,,,,
,,,,,,
,,,,,,
,,,,,,
,,,,,,
,,,,,,
,,,,,,
,,,,,,
,,,,,,
,,,,,,
,,,,,,
,,,,,,
,,,,,,
,,,,,,
,,,,,,
,,,,,,
,,,,,,
,,,,,,
,,,,,,
,,,,,,
,,,,,,
,,,,,,
,,,,,,
,,,,,,
,,,,,,
,,,,,,
,,,,,,
,,,,,,
,,,,,,
,,,,,,
,,,,,,
,,,,,,
,,,,,,
,,,,,,
,,,,,,
,,,,,,
,,,,,,
,,,,,,
,,,,,,
,,,,,,
,,,,,,
,,,,,,
,,,,,,
,,,,,,
,,,,,,
,,,,,,
,,,,,,
,,,,,,
,,,,,,
,,,,,,
,,,,,,
,,,,,,
,,,,,,
,,,,,,
,,,,,,
,,,,,,
,,,,,,
,,,,,,
,,,,,,
,,,,,,
,,,,,,
,,,,,,
,,,,,,
,,,,,,
,,,,,,
,,,,,,
,,,,,,
,,,,,,
,,,,,,
,,,,,,
,,,,,,
,,,,,,
,,,,,,
,,,,,,
,,,,,,
,,,,,,
,,,,,,
,,,,,,
,,,,,,
,,,,,,
,,,,,,
,,,,,,
,,,,,,
,,,,,,
,,,,,,
,,,,,,
,,,,,,
,,,,,,
,,,,,,
,,,,,,
,,,,,,
,,,,,,
,,,,,,
,,,,,,
,,,,,,
,,,,,,
,,,,,,
,,,,,,
,,,,,,
,,,,,,
,,,,,,
,,,,,,
,,,,,,
,,,,,,
,,,,,,
,,,,,,
,,,,,,
,,,,,,
,,,,,,
,,,,,,
,,,,,,
,,,,,,
,,,,,,
,,,,,,
,,,,,,
,,,,,,
,,,,,,
,,,,,,
,,,,,,
,,,,,,
,,,,,,
,,,,,,
,,,,,,
,,,,,,
,,,,,,
,,,,,,
,,,,,,
,,,,,,
,,,,,,
,,,,,,
,,,,,,
,,,,,,
,,,,,,
,,,,,,
,,,,,,
,,,,,,
,,,,,,
,,,,,,
,,,,,,
,,,,,,
,,,,,,
,,,,,,
,,,,,,
,,,,,,
,,,,,,
,,,,,,
,,,,,,
,,,,,,
,,,,,,
,,,,,,
,,,,,,
,,,,,,
,,,,,,
,,,,,,
,,,,,,
,,,,,,
,,,,,,
,,,,,,
,,,,,,
,,,,,,
,,,,,,
,,,,,,
,,,,,,
,,,,,,
,,,,,,
,,,,,,
,,,,,,
,,,,,,
,,,,,,
,,,,,,
,,,,,,
,,,,,,
,,,,,,
,,,,,,
,,,,,,
,,,,,,
,,,,,,
,,,,,,
,,,,,,
,,,,,,
,,,,,,
,,,,,,
,,,,,,
,,,,,,
,,,,,,
,,,,,,
,,,,,,
,,,,,,
,,,,,,
,,,,,,
,,,,,,
,,,,,,
,,,,,,
,,,,,,
,,,,,,
,,,,,,
,,,,,,
,,,,,,
,,,,,,
,,,,,,
,,,,,,
,,,,,,
,,,,,,
,,,,,,
,,,,,,
,,,,,,
,,,,,,
,,,,,,
,,,,,,
,,,,,,
,,,,,,
,,,,,,
,,,,,,
,,,,,,
,,,,,,
,,,,,,
,,,,,,
,,,,,,
,,,,,,
,,,,,,
,,,,,,
,,,,,,
,,,,,,
,,,,,,
,,,,,,
,,,,,,
,,,,,,
,,,,,,
,,,,,,
,,,,,,
,,,,,,
,,,,,,
,,,,,,
,,,,,,
,,,,,,
,,,,,,
,,,,,,
,,,,,,
,,,,,,
,,,,,,
,,,,,,
,,,,,,
,,,,,,
,,,,,,
,,,,,,
,,,,,,
,,,,,,
,,,,,,
,,,,,,
,,,,,,
,,,,,,
,,,,,,
,,,,,,
,,,,,,
,,,,,,
,,,,,,
,,,,,,
,,,,,,
,,,,,,
,,,,,,
,,,,,,
,,,,,,
,,,,,,
,,,,,,
,,,,,,
,,,,,,
,,,,,,
,,,,,,
,,,,,,
,,,,,,
,,,,,,
,,,,,,
,,,,,,
,,,,,,
,,,,,,
,,,,,,
,,,,,,
,,,,,,
,,,,,,
,,,,,,
,,,,,,
,,,,,,
,,,,,,
,,,,,,
,,,,,,
,,,,,,
,,,,,,
,,,,,,
,,,,,,
,,,,,,
,,,,,,
,,,,,,
,,,,,,
,,,,,,
,,,,,,
,,,,,,
,,,,,,
,,,,,,
,,,,,,
,,,,,,
,,,,,,
,,,,,,
,,,,,,
,,,,,,
,,,,,,
,,,,,,
,,,,,,
,,,,,,
,,,,,,
,,,,,,
,,,,,,
,,,,,,
,,,,,,
,,,,,,
,,,,,,
,,,,,,
,,,,,,
,,,,,,
,,,,,,
,,,,,,
,,,,,,
,,,,,,
,,,,,,
,,,,,,
,,,,,,
,,,,,,
,,,,,,
,,,,,,
,,,,,,
,,,,,,
,,,,,,
,,,,,,
,,,,,,
,,,,,,
,,,,,,
,,,,,,
,,,,,,
,,,,,,
,,,,,,
,,,,,,
,,,,,,
,,,,,,
,,,,,,
,,,,,,
,,,,,,
,,,,,,
,,,,,,
,,,,,,
,,,,,,
,,,,,,
,,,,,,
,,,,,,
,,,,,,
,,,,,,
,,,,,,
,,,,,,
,,,,,,
,,,,,,
,,,,,,
,,,,,,
,,,,,,
,,,,,,
,,,,,,
,,,,,,
,,,,,,
,,,,,,
,,,,,,
,,,,,,
,,,,,,
,,,,,,
,,,,,,
,,,,,,
,,,,,,
,,,,,,
,,,,,,
,,,,,,
,,,,,,
,,,,,,
,,,,,,
,,,,,,
,,,,,,
,,,,,,
,,,,,,
,,,,,,
,,,,,,
,,,,,,
,,,,,,
,,,,,,
,,,,,,
,,,,,,
,,,,,,
,,,,,,
,,,,,,
,,,,,,
,,,,,,
,,,,,,
,,,,,,
,,,,,,
,,,,,,
,,,,,,
,,,,,,
,,,,,,
,,,,,,
,,,,,,
,,,,,,
,,,,,,
,,,,,,
,,,,,,
,,,,,,
,,,,,,
,,,,,,
,,,,,,
,,,,,,
,,,,,,
,,,,,,
,,,,,,
,,,,,,
,,,,,,
,,,,,,
,,,,,,
,,,,,,
,,,,,,
,,,,,,
,,,,,,
,,,,,,
,,,,,,
,,,,,,
,,,,,,
,,,,,,
,,,,,,
,,,,,,
,,,,,,
,,,,,,
,,,,,,
,,,,,,
,,,,,,
,,,,,,
,,,,,,
,,,,,,
,,,,,,
,,,,,,
,,,,,,
,,,,,,
,,,,,,
,,,,,,
,,,,,,
,,,,,,
,,,,,,
,,,,,,
,,,,,,
,,,,,,
,,,,,,
,,,,,,
,,,,,,
,,,,,,
,,,,,,
,,,,,,
,,,,,,
,,,,,,
,,,,,,
,,,,,,
,,,,,,
,,,,,,
,,,,,,
,,,,,,
,,,,,,
,,,,,,
,,,,,,
,,,,,,
,,,,,,
,,,,,,
,,,,,,
,,,,,,
,,,,,,
,,,,,,
,,,,,,
,,,,,,
,,,,,,
,,,,,,
,,,,,,
,,,,,,
,,,,,,
,,,,,,
,,,,,,
,,,,,,
,,,,,,
,,,,,,
,,,,,,
,,,,,,
,,,,,,
,,,,,,
,,,,,,
,,,,,,
,,,,,,
,,,,,,
,,,,,,
,,,,,,
,,,,,,
,,,,,,
,,,,,,
,,,,,,
,,,,,,
,,,,,,
,,,,,,
,,,,,,
,,,,,,
,,,,,,
,,,,,,
,,,,,,
,,,,,,
,,,,,,
,,,,,,
,,,,,,
,,,,,,
,,,,,,
,,,,,,
,,,,,,
,,,,,,
,,,,,,
,,,,,,
,,,,,,
,,,,,,
,,,,,,
,,,,,,
,,,,,,
,,,,,,
,,,,,,
,,,,,,
,,,,,,
,,,,,,
,,,,,,
,,,,,,
,,,,,,
,,,,,,
,,,,,,
,,,,,,
,,,,,,
,,,,,,
,,,,,,
,,,,,,
,,,,,,
,,,,,,
,,,,,,
,,,,,,
,,,,,,
,,,,,,
,,,,,,
,,,,,,
,,,,,,
,,,,,,
,,,,,,
,,,,,,
,,,,,,
,,,,,,
,,,,,,
,,,,,,
,,,,,,
,,,,,,
,,,,,,
,,,,,,
,,,,,,
,,,,,,
,,,,,,
,,,,,,
,,,,,,
,,,,,,
,,,,,,
,,,,,,
,,,,,,
,,,,,,
,,,,,,
,,,,,,
,,,,,,
,,,,,,
,,,,,,
,,,,,,
,,,,,,
,,,,,,
,,,,,,
,,,,,,
,,,,,,
,,,,,,
,,,,,,
,,,,,,
,,,,,,
,,,,,,
,,,,,,
,,,,,,
,,,,,,
,,,,,,
,,,,,,
,,,,,,
,,,,,,
,,,,,,
,,,,,,
,,,,,,
,,,,,,
,,,,,,
,,,,,,
,,,,,,
,,,,,,
,,,,,,
,,,,,,
,,,,,,
,,,,,,
,,,,,,
,,,,,,
,,,,,,
,,,,,,
,,,,,,
,,,,,,
,,,,,,
,,,,,,
,,,,,,
,,,,,,
,,,,,,
,,,,,,
,,,,,,
,,,,,,
,,,,,,
,,,,,,
,,,,,,
,,,,,,
,,,,,,
,,,,,,
,,,,,,
,,,,,,
,,,,,,
,,,,,,
,,,,,,
,,,,,,
,,,,,,
,,,,,,
,,,,,,
,,,,,,
,,,,,,
,,,,,,
,,,,,,
,,,,,,
,,,,,,
,,,,,,
,,,,,,
,,,,,,
,,,,,,
,,,,,,
,,,,,,
,,,,,,
,,,,,,
,,,,,,
,,,,,,
,,,,,,
,,,,,,
,,,,,,
,,,,,,
,,,,,,
,,,,,,
,,,,,,
,,,,,,
,,,,,,
,,,,,,
,,,,,,
,,,,,,
,,,,,,
,,,,,,
,,,,,,
,,,,,,
,,,,,,
,,,,,,
,,,,,,
,,,,,,
,,,,,,
,,,,,,
,,,,,,
,,,,,,
,,,,,,
,,,,,,
,,,,,,
,,,,,,
,,,,,,
,,,,,,
,,,,,,
,,,,,,
,,,,,,
,,,,,,
,,,,,,
,,,,,,
,,,,,,
,,,,,,
,,,,,,
,,,,,,
,,,,,,
,,,,,,
,,,,,,
,,,,,,
,,,,,,
,,,,,,
,,,,,,
,,,,,,
,,,,,,
,,,,,,
,,,,,,
,,,,,,
,,,,,,
,,,,,,
,,,,,,
,,,,,,
,,,,,,
,,,,,,
,,,,,,
,,,,,,
,,,,,,
,,,,,,
,,,,,,
,,,,,,
,,,,,,
,,,,,,
,,,,,,
,,,,,,
,,,,,,
,,,,,,
,,,,,,
,,,,,,
,,,,,,
,,,,,,
,,,,,,
,,,,,,
,,,,,,
,,,,,,
,,,,,,
,,,,,,
,,,,,,
,,,,,,
,,,,,,
,,,,,,
,,,,,,
,,,,,,
,,,,,,
,,,,,,
,,,,,,
,,,,,,
,,,,,,
,,,,,,
,,,,,,
,,,,,,
,,,,,,
,,,,,,
,,,,,,
,,,,,,
,,,,,,
,,,,,,
,,,,,,
,,,,,,
,,,,,,
,,,,,,
,,,,,,
,,,,,,
,,,,,,
,,,,,,
,,,,,,
,,,,,,
,,,,,,
,,,,,,
,,,,,,
,,,,,,
,,,,,,
,,,,,,
,,,,,,
,,,,,,
,,,,,,
,,,,,,
,,,,,,
,,,,,,
,,,,,,
,,,,,,
,,,,,,
,,,,,,
,,,,,,
,,,,,,
,,,,,,
,,,,,,
,,,,,,
,,,,,,
,,,,,,
,,,,,,
,,,,,,
,,,,,,
,,,,,,
,,,,,,
,,,,,,
,,,,,,
,,,,,,
,,,,,,
,,,,,,
,,,,,,
,,,,,,
,,,,,,
,,,,,,
,,,,,,
,,,,,,
,,,,,,
,,,,,,
,,,,,,
,,,,,,
,,,,,,
,,,,,,
,,,,,,
,,,,,,
,,,,,,
,,,,,,
,,,,,,
,,,,,,
,,,,,,
,,,,,,
,,,,,,
,,,,,,
,,,,,,
,,,,,,
,,,,,,
,,,,,,
,,,,,,
,,,,,,
,,,,,,
,,,,,,
,,,,,,
,,,,,,
,,,,,,
,,,,,,
,,,,,,
,,,,,,
,,,,,,
,,,,,,
,,,,,,
,,,,,,
,,,,,,
,,,,,,
,,,,,,
,,,,,,
,,,,,,
,,,,,,
,,,,,,
,,,,,,
,,,,,,
,,,,,,
,,,,,,
,,,,,,
,,,,,,
,,,,,,
,,,,,,
,,,,,,
,,,,,,
,,,,,,
,,,,,,
,,,,,,
,,,,,,
,,,,,,
,,,,,,
,,,,,,
,,,,,,
,,,,,,
,,,,,,
,,,,,,
,,,,,,
,,,,,,
,,,,,,
,,,,,,
,,,,,,
,,,,,,
,,,,,,
,,,,,,
,,,,,,
,,,,,,
,,,,,,
,,,,,,
,,,,,,
,,,,,,
,,,,,,
,,,,,,
,,,,,,
,,,,,,
,,,,,,
,,,,,,
,,,,,,
,,,,,,
,,,,,,
,,,,,,
,,,,,,
,,,,,,
,,,,,,
,,,,,,
,,,,,,
,,,,,,
,,,,,,
,,,,,,
,,,,,,
,,,,,,
,,,,,,
,,,,,,
,,,,,,
,,,,,,
,,,,,,
,,,,,,
,,,,,,
,,,,,,
,,,,,,
,,,,,,
,,,,,,
,,,,,,
,,,,,,
,,,,,,
,,,,,,
,,,,,,
,,,,,,
,,,,,,
,,,,,,
,,,,,,
,,,,,,
,,,,,,
,,,,,,
,,,,,,
,,,,,,
,,,,,,
,,,,,,
,,,,,,
,,,,,,
,,,,,,
,,,,,,
,,,,,,
,,,,,,
,,,,,,
,,,,,,
,,,,,,
,,,,,,
,,,,,,
,,,,,,
,,,,,,
,,,,,,
,,,,,,
,,,,,,
,,,,,,
,,,,,,
,,,,,,
,,,,,,
,,,,,,
,,,,,,
,,,,,,
,,,,,,
,,,,,,
,,,,,,
,,,,,,
,,,,,,
,,,,,,
,,,,,,
,,,,,,
,,,,,,
,,,,,,
,,,,,,
,,,,,,
,,,,,,
,,,,,,
,,,,,,
,,,,,,
,,,,,,
,,,,,,
,,,,,,
,,,,,,
,,,,,,
,,,,,,
,,,,,,
,,,,,,
,,,,,,
,,,,,,
,,,,,,
,,,,,,
,,,,,,
,,,,,,
,,,,,,
,,,,,,
,,,,,,
,,,,,,
,,,,,,
,,,,,,
,,,,,,
,,,,,,
,,,,,,
,,,,,,
,,,,,,
,,,,,,
,,,,,,
,,,,,,
,,,,,,
,,,,,,
,,,,,,
,,,,,,
,,,,,,
,,,,,,
,,,,,,
,,,,,,
,,,,,,
,,,,,,
,,,,,,
,,,,,,
,,,,,,
,,,,,,
,,,,,,
,,,,,,
,,,,,,
,,,,,,
,,,,,,
,,,,,,
,,,,,,
,,,,,,
,,,,,,
,,,,,,