X,Y,Site,Plot,Stake,color,full ID,UTM EASTIN,UTM NORTHI
314067.89,4879226.68,C1,1,A1,orange,C1 1 A1,314067.890000000010000,4879226.679999999700000
314061.71,4879234.54,C1,1,A2,blue,C1 1 A2,314061.710000000020000,4879234.540000000000000
314055.53,4879242.41,C1,1,A3,blue,C1 1 A3,314055.530000000030000,4879242.410000000100000
314049.36,4879250.27,C1,1,A4,orange,C1 1 A4,314049.359999999990000,4879250.269999999600000
314075.75,4879232.86,C1,1,B1,blue,C1 1 B1,314075.750000000000000,4879232.860000000300000
314069.57,4879240.72,C1,1,B2,blue,C1 1 B2,314069.570000000010000,4879240.719999999700000
314063.4,4879248.59,C1,1,B3,blue,C1 1 B3,314063.400000000020000,4879248.589999999900000
314057.22,4879256.45,C1,1,B4,blue,C1 1 B4,314057.219999999970000,4879256.450000000200000
314083.62,4879239.03,C1,1,C1,blue,C1 1 C1,314083.620000000000000,4879239.030000000300000
314077.44,4879246.9,C1,1,C2,blue,C1 1 C2,314077.440000000000000,4879246.900000000400000
314071.26,4879254.76,C1,1,C3,blue,C1 1 C3,314071.260000000010000,4879254.759999999800000
314065.08,4879262.63,C1,1,C4,blue,C1 1 C4,314065.080000000020000,4879262.629999999900000
314091.48,4879245.21,C1,1,D1,orange,C1 1 D1,314091.479999999980000,4879245.210000000000000
314085.3,4879253.07,C1,1,D2,blue,C1 1 D2,314085.299999999990000,4879253.070000000300000
314079.13,4879260.94,C1,1,D3,blue,C1 1 D3,314079.130000000000000,4879260.940000000400000
314072.95,4879268.8,C1,1,D4,orange,C1 1 D4,314072.950000000010000,4879268.799999999800000
314105.52,4879243.52,C1,1,E,pink,C1 1 E,314105.520000000020000,4879243.519999999600000
314074.64,4879282.85,C1,1,N,pink,C1 1 N,314074.640000000010000,4879282.849999999600000
314028.56,4879195.79,C1,2,A1,orange,C1 2 A1,314028.560000000000000,4879195.790000000000000
314022.39,4879203.66,C1,2,A2,blue,C1 2 A2,314022.390000000010000,4879203.660000000100000
314016.21,4879211.52,C1,2,A3,blue,C1 2 A3,314016.210000000020000,4879211.519999999600000
314010.03,4879219.39,C1,2,A4,orange,C1 2 A4,314010.030000000030000,4879219.389999999700000
314036.43,4879201.97,C1,2,B1,blue,C1 2 B1,314036.429999999990000,4879201.969999999700000
314030.25,4879209.84,C1,2,B2,blue,C1 2 B2,314030.250000000000000,4879209.839999999900000
314024.07,4879217.7,C1,2,B3,blue,C1 2 B3,314024.070000000010000,4879217.700000000200000
314017.9,4879225.57,C1,2,B4,blue,C1 2 B4,314017.900000000020000,4879225.570000000300000
314044.29,4879208.15,C1,2,C1,blue,C1 2 C1,314044.289999999980000,4879208.150000000400000
314038.11,4879216.01,C1,2,C2,blue,C1 2 C2,314038.109999999990000,4879216.009999999800000
314031.94,4879223.88,C1,2,C3,blue,C1 2 C3,314031.940000000000000,4879223.879999999900000
314025.76,4879231.74,C1,2,C4,blue,C1 2 C4,314025.760000000010000,4879231.740000000200000
314052.16,4879214.33,C1,2,D1,orange,C1 2 D1,314052.159999999970000,4879214.330000000100000
314045.98,4879222.19,C1,2,D2,blue,C1 2 D2,314045.979999999980000,4879222.190000000400000
314039.8,4879230.05,C1,2,D3,blue,C1 2 D3,314039.799999999990000,4879230.049999999800000
314033.63,4879237.92,C1,2,D4,orange,C1 2 D4,314033.630000000000000,4879237.919999999900000
314026.87,4879181.75,C1,2,S,pink,C1 2 S,314026.870000000000000,4879181.750000000000000
313995.99,4879221.08,C1,2,W,pink,C1 2 W,313995.989999999990000,4879221.080000000100000
313964.88,4879166.43,C1,3,A1,orange,C1 3 A1,313964.880000000000000,4879166.429999999700000
313964.55,4879156.44,C1,3,A2,blue,C1 3 A2,313964.549999999990000,4879156.440000000400000
313964.23,4879146.44,C1,3,A3,blue,C1 3 A3,313964.229999999980000,4879146.440000000400000
313963.91,4879136.45,C1,3,A4,orange,C1 3 A4,313963.909999999970000,4879136.450000000200000
313974.87,4879166.11,C1,3,B1,blue,C1 3 B1,313974.870000000000000,4879166.110000000300000
313974.55,4879156.12,C1,3,B2,blue,C1 3 B2,313974.549999999990000,4879156.120000000100000
313974.23,4879146.12,C1,3,B3,blue,C1 3 B3,313974.229999999980000,4879146.120000000100000
313973.9,4879136.13,C1,3,B4,blue,C1 3 B4,313973.900000000020000,4879136.129999999900000
313984.87,4879165.79,C1,3,C1,blue,C1 3 C1,313984.870000000000000,4879165.790000000000000
313984.54,4879155.79,C1,3,C2,blue,C1 3 C2,313984.539999999980000,4879155.790000000000000
313984.22,4879145.8,C1,3,C3,blue,C1 3 C3,313984.219999999970000,4879145.799999999800000
313983.9,4879135.8,C1,3,C4,blue,C1 3 C4,313983.900000000020000,4879135.799999999800000
313994.86,4879165.46,C1,3,D1,orange,C1 3 D1,313994.859999999990000,4879165.460000000000000
313994.54,4879155.47,C1,3,D2,blue,C1 3 D2,313994.539999999980000,4879155.469999999700000
313994.22,4879145.47,C1,3,D3,blue,C1 3 D3,313994.219999999970000,4879145.469999999700000
313993.89,4879135.48,C1,3,D4,orange,C1 3 D4,313993.890000000010000,4879135.480000000400000
314005.18,4879175.14,C1,3,NE,pink,C1 3 NE,314005.179999999990000,4879175.139999999700000
313955.21,4879176.75,C1,3,NW,pink,C1 3 NW,313955.210000000020000,4879176.750000000000000
314003.56,4879125.16,C1,3,SE,pink,C1 3 SE,314003.560000000000000,4879125.160000000100000
313953.59,4879126.78,C1,3,SW,pink,C1 3 SW,313953.590000000030000,4879126.780000000300000
313953.5,4879235.4,C1,4,A1,orange,C1 4 A1,313953.500000000000000,4879235.400000000400000
313954.91,4879225.5,C1,4,A2,blue,C1 4 A2,313954.909999999970000,4879225.500000000000000
313956.33,4879215.6,C1,4,A3,blue,C1 4 A3,313956.330000000020000,4879215.599999999600000
313957.75,4879205.7,C1,4,A4,orange,C1 4 A4,313957.750000000000000,4879205.700000000200000
313963.39,4879236.82,C1,4,B1,blue,C1 4 B1,313963.390000000010000,4879236.820000000300000
313964.81,4879226.92,C1,4,B2,blue,C1 4 B2,313964.810000000000000,4879226.919999999900000
313966.23,4879217.02,C1,4,B3,blue,C1 4 B3,313966.229999999980000,4879217.019999999600000
313967.65,4879207.12,C1,4,B4,blue,C1 4 B4,313967.650000000020000,4879207.120000000100000
313973.29,4879238.23,C1,4,C1,blue,C1 4 C1,313973.289999999980000,4879238.230000000400000
313974.71,4879228.33,C1,4,C2,blue,C1 4 C2,313974.710000000020000,4879228.330000000100000
313976.13,4879218.43,C1,4,C3,blue,C1 4 C3,313976.130000000000000,4879218.429999999700000
313977.55,4879208.53,C1,4,C4,blue,C1 4 C4,313977.549999999990000,4879208.530000000300000
313983.19,4879239.65,C1,4,D1,orange,C1 4 D1,313983.190000000000000,4879239.650000000400000
313984.61,4879229.75,C1,4,D2,blue,C1 4 D2,313984.609999999990000,4879229.750000000000000
313986.03,4879219.85,C1,4,D3,blue,C1 4 D3,313986.030000000030000,4879219.849999999600000
313987.44,4879209.95,C1,4,D4,orange,C1 4 D4,313987.440000000000000,4879209.950000000200000
313991.68,4879250.97,C1,4,NE,pink,C1 4 NE,313991.679999999990000,4879250.969999999700000
313942.18,4879243.88,C1,4,NW,pink,C1 4 NW,313942.179999999990000,4879243.879999999900000
313998.76,4879201.47,C1,4,SE,pink,C1 4 SE,313998.760000000010000,4879201.469999999700000
313949.26,4879194.38,C1,4,SW,pink,C1 4 SW,313949.260000000010000,4879194.379999999900000
314135.96,4879269.21,C1,5,A1,orange,C1 5 A1,314135.960000000020000,4879269.210000000000000
314126.68,4879272.93,C1,5,A2,blue,C1 5 A2,314126.679999999990000,4879272.929999999700000
314117.4,4879276.65,C1,5,A3,blue,C1 5 A3,314117.400000000020000,4879276.650000000400000
314108.12,4879280.37,C1,5,A4,orange,C1 5 A4,314108.120000000000000,4879280.370000000100000
314139.68,4879278.49,C1,5,B1,blue,C1 5 B1,314139.679999999990000,4879278.490000000200000
314130.4,4879282.21,C1,5,B2,blue,C1 5 B2,314130.400000000020000,4879282.210000000000000
314121.12,4879285.93,C1,5,B3,blue,C1 5 B3,314121.120000000000000,4879285.929999999700000
314111.84,4879289.66,C1,5,B4,blue,C1 5 B4,314111.840000000030000,4879289.660000000100000
314143.41,4879287.77,C1,5,C1,blue,C1 5 C1,314143.409999999970000,4879287.769999999600000
314134.13,4879291.49,C1,5,C2,blue,C1 5 C2,314134.130000000000000,4879291.490000000200000
314124.84,4879295.21,C1,5,C3,blue,C1 5 C3,314124.840000000030000,4879295.210000000000000
314115.56,4879298.94,C1,5,C4,blue,C1 5 C4,314115.560000000000000,4879298.940000000400000
314147.13,4879297.05,C1,5,D1,orange,C1 5 D1,314147.130000000000000,4879297.049999999800000
314137.85,4879300.77,C1,5,D2,blue,C1 5 D2,314137.849999999980000,4879300.769999999600000
314128.57,4879304.5,C1,5,D3,blue,C1 5 D3,314128.570000000010000,4879304.500000000000000
314119.28,4879308.22,C1,5,D4,orange,C1 5 D4,314119.280000000030000,4879308.219999999700000
314160.13,4879302.61,C1,5,NE,pink,C1 5 NE,314160.130000000000000,4879302.610000000300000
314113.73,4879321.22,C1,5,NW,pink,C1 5 NW,314113.729999999980000,4879321.219999999700000
314141.52,4879256.2,C1,5,SE,pink,C1 5 SE,314141.520000000020000,4879256.200000000200000
314095.11,4879274.82,C1,5,SW,pink,C1 5 SW,314095.109999999990000,4879274.820000000300000
314035.31,4879251.96,C1,"1,2",,pink,"C1 1,2",314035.310000000000000,4879251.960000000000000
314066.2,4879212.64,C1,"1,2",,pink,"C1 1,2",314066.200000000010000,4879212.639999999700000
318204.66,4880925.64,C2,1,A1,orange,C2 1 A1,318204.659999999970000,4880925.639999999700000
318210.13,4880917.26,C2,1,A2,blue,C2 1 A2,318210.130000000000000,4880917.259999999800000
318215.59,4880908.89,C2,1,A3,blue,C2 1 A3,318215.590000000030000,4880908.889999999700000
318221.06,4880900.52,C2,1,A4,orange,C2 1 A4,318221.060000000000000,4880900.519999999600000
318213.03,4880931.11,C2,1,B1,blue,C2 1 B1,318213.030000000030000,4880931.110000000300000
318218.5,4880922.73,C2,1,B2,blue,C2 1 B2,318218.500000000000000,4880922.730000000400000
318223.97,4880914.36,C2,1,B3,blue,C2 1 B3,318223.969999999970000,4880914.360000000300000
318229.43,4880905.99,C2,1,B4,blue,C2 1 B4,318229.429999999990000,4880905.990000000200000
318221.4,4880936.57,C2,1,C1,blue,C2 1 C1,318221.400000000020000,4880936.570000000300000
318226.87,4880928.2,C2,1,C2,blue,C2 1 C2,318226.870000000000000,4880928.200000000200000
318232.34,4880919.83,C2,1,C3,blue,C2 1 C3,318232.340000000030000,4880919.830000000100000
318237.81,4880911.45,C2,1,C4,blue,C2 1 C4,318237.810000000000000,4880911.450000000200000
318229.78,4880942.04,C2,1,D1,orange,C2 1 D1,318229.780000000030000,4880942.040000000000000
318235.25,4880933.67,C2,1,D2,blue,C2 1 D2,318235.250000000000000,4880933.669999999900000
318240.71,4880925.29,C2,1,D3,blue,C2 1 D3,318240.710000000020000,4880925.290000000000000
318246.18,4880916.92,C2,1,D4,orange,C2 1 D4,318246.179999999990000,4880916.919999999900000
318231.97,4880952.42,C2,1,NE,pink,C2 1 NE,318231.969999999970000,4880952.419999999900000
318194.29,4880927.82,C2,1,NW,pink,C2 1 NW,318194.289999999980000,4880927.820000000300000
318256.57,4880914.74,C2,1,SE,pink,C2 1 SE,318256.570000000010000,4880914.740000000200000
318218.89,4880890.14,C2,1,SW,pink,C2 1 SW,318218.890000000010000,4880890.139999999700000
318260.49,4880986.18,C2,2,A1,orange,C2 2 A1,318260.489999999990000,4880986.179999999700000
318265.95,4880977.8,C2,2,A2,blue,C2 2 A2,318265.950000000010000,4880977.799999999800000
318271.42,4880969.43,C2,2,A3,blue,C2 2 A3,318271.419999999980000,4880969.429999999700000
318276.89,4880961.06,C2,2,A4,orange,C2 2 A4,318276.890000000010000,4880961.059999999600000
318268.86,4880991.65,C2,2,B1,blue,C2 2 B1,318268.859999999990000,4880991.650000000400000
318274.33,4880983.27,C2,2,B2,blue,C2 2 B2,318274.330000000020000,4880983.269999999600000
318279.8,4880974.9,C2,2,B3,blue,C2 2 B3,318279.799999999990000,4880974.900000000400000
318285.26,4880966.53,C2,2,B4,blue,C2 2 B4,318285.260000000010000,4880966.530000000300000
318277.23,4880997.11,C2,2,C1,blue,C2 2 C1,318277.229999999980000,4880997.110000000300000
318282.7,4880988.74,C2,2,C2,blue,C2 2 C2,318282.700000000010000,4880988.740000000200000
318288.17,4880980.37,C2,2,C3,blue,C2 2 C3,318288.169999999980000,4880980.370000000100000
318293.64,4880971.99,C2,2,C4,blue,C2 2 C4,318293.640000000010000,4880971.990000000200000
318285.61,4881002.58,C2,2,D1,orange,C2 2 D1,318285.609999999990000,4881002.580000000100000
318291.07,4880994.21,C2,2,D2,blue,C2 2 D2,318291.070000000010000,4880994.210000000000000
318296.54,4880985.83,C2,2,D3,blue,C2 2 D3,318296.539999999980000,4880985.830000000100000
318302.01,4880977.46,C2,2,D4,orange,C2 2 D4,318302.010000000010000,4880977.460000000000000
318312.4,4880975.28,C2,2,SE,pink,C2 2 SE,318312.400000000020000,4880975.280000000300000
318274.72,4880950.68,C2,2,SW,pink,C2 2 SW,318274.719999999970000,4880950.679999999700000
318235.88,4881023.86,C2,3,A1,orange,C2 3 A1,318235.880000000000000,4881023.860000000300000
318241.35,4881015.48,C2,3,A2,blue,C2 3 A2,318241.349999999980000,4881015.480000000400000
318246.82,4881007.11,C2,3,A3,blue,C2 3 A3,318246.820000000010000,4881007.110000000300000
318252.29,4880998.74,C2,3,A4,orange,C2 3 A4,318252.289999999980000,4880998.740000000200000
318244.26,4881029.32,C2,3,B1,blue,C2 3 B1,318244.260000000010000,4881029.320000000300000
318249.72,4881020.95,C2,3,B2,blue,C2 3 B2,318249.719999999970000,4881020.950000000200000
318255.19,4881012.58,C2,3,B3,blue,C2 3 B3,318255.190000000000000,4881012.580000000100000
318260.66,4881004.2,C2,3,B4,blue,C2 3 B4,318260.659999999970000,4881004.200000000200000
318252.63,4881034.79,C2,3,C1,blue,C2 3 C1,318252.630000000000000,4881034.790000000000000
318258.1,4881026.42,C2,3,C2,blue,C2 3 C2,318258.099999999980000,4881026.419999999900000
318263.56,4881018.05,C2,3,C3,blue,C2 3 C3,318263.560000000000000,4881018.049999999800000
318269.03,4881009.67,C2,3,C4,blue,C2 3 C4,318269.030000000030000,4881009.669999999900000
318261.0,4881040.26,C2,3,D1,orange,C2 3 D1,318261.000000000000000,4881040.259999999800000
318266.47,4881031.89,C2,3,D2,blue,C2 3 D2,318266.469999999970000,4881031.889999999700000
318271.94,4881023.51,C2,3,D3,blue,C2 3 D3,318271.940000000000000,4881023.509999999800000
318277.4,4881015.14,C2,3,D4,orange,C2 3 D4,318277.400000000020000,4881015.139999999700000
318263.19,4881050.64,C2,3,NE,pink,C2 3 NE,318263.190000000000000,4881050.639999999700000
318225.51,4881026.04,C2,3,NW,pink,C2 3 NW,318225.510000000010000,4881026.040000000000000
318176.24,4881006.12,C2,4,A1,orange,C2 4 A1,318176.239999999990000,4881006.120000000100000
318175.92,4880996.12,C2,4,A2,blue,C6 4 A2,318175.919999999980000,4880996.120000000100000
318175.59,4880986.13,C2,4,A3,blue,C6 4 A3,318175.590000000030000,4880986.129999999900000
318175.27,4880976.13,C2,4,A4,orange,C2 4 A4,318175.270000000020000,4880976.129999999900000
318186.24,4881005.79,C2,4,B1,blue,C6 4 B1,318186.239999999990000,4881005.790000000000000
318185.91,4880995.8,C2,4,B2,blue,C6 4 B2,318185.909999999970000,4880995.799999999800000
318185.59,4880985.8,C2,4,B3,blue,C6 4 B3,318185.590000000030000,4880985.799999999800000
318185.26,4880975.81,C2,4,B4,blue,C6 4 B4,318185.260000000010000,4880975.809999999600000
318196.23,4881005.47,C2,4,C1,blue,C6 4 C1,318196.229999999980000,4881005.469999999700000
318195.91,4880995.47,C2,4,C2,blue,C6 4 C2,318195.909999999970000,4880995.469999999700000
318195.58,4880985.48,C2,4,C3,blue,C6 4 C3,318195.580000000020000,4880985.480000000400000
318195.26,4880975.49,C2,4,C4,blue,C6 4 C4,318195.260000000010000,4880975.490000000200000
318206.23,4881005.15,C2,4,D1,orange,C2 4 D1,318206.229999999980000,4881005.150000000400000
318205.9,4880995.15,C2,4,D2,blue,C6 4 D2,318205.900000000020000,4880995.150000000400000
318205.58,4880985.16,C2,4,D3,blue,C6 4 D3,318205.580000000020000,4880985.160000000100000
318205.25,4880975.16,C2,4,D4,orange,C2 4 D4,318205.250000000000000,4880975.160000000100000
318213.98,4881012.74,C2,4,NE,pink,C2 4 NE,318213.979999999980000,4881012.740000000200000
318168.99,4881014.2,C2,4,NW,pink,C2 4 NW,318168.989999999990000,4881014.200000000200000
318212.51,4880967.43,C2,4,SE,pink,C2 4 SE,318212.510000000010000,4880967.429999999700000
318167.55,4880968.82,C2,4,SW,pink,C2 4 SW,318167.549999999990000,4880968.820000000300000
318250.12,4880988.36,C2,"2,3",,pink,"C2 2,3",318250.120000000000000,4880988.360000000300000
318287.8,4881012.96,C2,"2,3",,pink,"C2 2,3",318287.799999999990000,4881012.960000000000000
316428.19,4878653.78,C3,1,A1,orange,C3 1 A1,316428.190000000000000,4878653.780000000300000
316426.77,4878663.68,C3,1,A2,blue,C3 1 A2,316426.770000000020000,4878663.679999999700000
316425.35,4878673.58,C3,1,A3,blue,C3 1 A3,316425.349999999980000,4878673.580000000100000
316423.93,4878683.48,C3,1,A4,orange,C3 1 A4,316423.929999999990000,4878683.480000000400000
316418.29,4878652.37,C3,1,B1,blue,C3 1 B1,316418.289999999980000,4878652.370000000100000
316416.87,4878662.27,C3,1,B2,blue,C3 1 B2,316416.870000000000000,4878662.269999999600000
316415.45,4878672.17,C3,1,B3,blue,C3 1 B3,316415.450000000010000,4878672.169999999900000
316414.04,4878682.06,C3,1,B4,blue,C3 1 B4,316414.039999999980000,4878682.059999999600000
316408.39,4878650.95,C3,1,C1,blue,C3 1 C1,316408.390000000010000,4878650.950000000200000
316406.97,4878660.85,C3,1,C2,blue,C3 1 C2,316406.969999999970000,4878660.849999999600000
316405.55,4878670.75,C3,1,C3,blue,C3 1 C3,316405.549999999990000,4878670.750000000000000
316404.14,4878680.65,C3,1,C4,blue,C3 1 C4,316404.140000000010000,4878680.650000000400000
316398.49,4878649.53,C3,1,D1,orange,C3 1 D1,316398.489999999990000,4878649.530000000300000
316397.07,4878659.43,C3,1,D2,blue,C3 1 D2,316397.070000000010000,4878659.429999999700000
316395.65,4878669.33,C3,1,D3,blue,C3 1 D3,316395.650000000020000,4878669.330000000100000
316394.24,4878679.23,C3,1,D4,orange,C3 1 D4,316394.239999999990000,4878679.230000000400000
316432.42,4878694.8,C3,1,NE,pink,C3 1 NE,316432.419999999980000,4878694.799999999800000
316382.92,4878687.71,C3,1,NW,pink,C3 1 NW,316382.919999999980000,4878687.710000000000000
316435.27,4878604.29,C3,2,A1,orange,C3 2 A1,316435.270000000020000,4878604.290000000000000
316433.85,4878614.19,C3,2,A2,blue,C3 2 A2,316433.849999999980000,4878614.190000000400000
316432.44,4878624.09,C3,2,A3,blue,C3 2 A3,316432.440000000000000,4878624.089999999900000
316431.02,4878633.98,C3,2,A4,orange,C3 2 A4,316431.020000000020000,4878633.980000000400000
316425.37,4878602.87,C3,2,B1,blue,C3 2 B1,316425.370000000000000,4878602.870000000100000
316423.95,4878612.77,C3,2,B2,blue,C3 2 B2,316423.950000000010000,4878612.769999999600000
316422.54,4878622.67,C3,2,B3,blue,C3 2 B3,316422.539999999980000,4878622.669999999900000
316421.12,4878632.57,C3,2,B4,blue,C3 2 B4,316421.120000000000000,4878632.570000000300000
316415.47,4878601.45,C3,2,C1,blue,C3 2 C1,316415.469999999970000,4878601.450000000200000
316414.05,4878611.35,C3,2,C2,blue,C3 2 C2,316414.049999999990000,4878611.349999999600000
316412.64,4878621.25,C3,2,C3,blue,C3 2 C3,316412.640000000010000,4878621.250000000000000
316411.22,4878631.15,C3,2,C4,blue,C3 2 C4,316411.219999999970000,4878631.150000000400000
316405.57,4878600.04,C3,2,D1,orange,C3 2 D1,316405.570000000010000,4878600.040000000000000
316404.16,4878609.94,C3,2,D2,blue,C3 2 D2,316404.159999999970000,4878609.940000000400000
316402.74,4878619.83,C3,2,D3,blue,C3 2 D3,316402.739999999990000,4878619.830000000100000
316401.32,4878629.73,C3,2,D4,orange,C3 2 D4,316401.320000000010000,4878629.730000000400000
316446.59,4878595.8,C3,2,SE,pink,C3 2 SE,316446.590000000030000,4878595.799999999800000
316385.77,4878597.2,C3,3,A1,orange,C3 3 A1,316385.770000000020000,4878597.200000000200000
316384.36,4878607.1,C3,3,A2,blue,C3 3 A2,316384.359999999990000,4878607.099999999600000
316382.94,4878617.0,C3,3,A4,blue,C3 3 A4,316382.940000000000000,4878617.000000000000000
316381.52,4878626.9,C3,3,A4,orange,C3 3 A4,316381.520000000020000,4878626.900000000400000
316375.87,4878595.78,C3,3,B1,blue,C3 3 B1,316375.870000000000000,4878595.780000000300000
316374.46,4878605.68,C3,3,B2,blue,C3 3 B2,316374.460000000020000,4878605.679999999700000
316373.04,4878615.58,C3,3,B3,blue,C3 3 B3,316373.039999999980000,4878615.580000000100000
316371.62,4878625.48,C3,3,B4,blue,C3 3 B4,316371.620000000000000,4878625.480000000400000
316365.97,4878594.37,C3,3,C1,blue,C3 3 C1,316365.969999999970000,4878594.370000000100000
316364.56,4878604.27,C3,3,C2,blue,C3 3 C2,316364.560000000000000,4878604.269999999600000
316363.14,4878614.17,C3,3,C3,blue,C3 3 C3,316363.140000000010000,4878614.169999999900000
316361.72,4878624.07,C3,3,C4,blue,C3 3 C4,316361.719999999970000,4878624.070000000300000
316356.08,4878592.95,C3,3,D1,orange,C3 3 D1,316356.080000000020000,4878592.950000000200000
316354.66,4878602.85,C3,3,D2,blue,C3 3 D2,316354.659999999970000,4878602.849999999600000
316353.24,4878612.75,C3,3,D3,blue,C3 3 D3,316353.239999999990000,4878612.750000000000000
316351.82,4878622.65,C3,3,D4,orange,C3 3 D4,316351.820000000010000,4878622.650000000400000
316340.51,4878631.13,C3,3,NW,pink,C3 3 NW,316340.510000000010000,4878631.129999999900000
316358.91,4878573.15,C3,4,A1,orange,C3 4 A1,316358.909999999970000,4878573.150000000400000
316360.33,4878563.25,C3,4,A2,blue,C3 4 A2,316360.330000000020000,4878563.250000000000000
316361.74,4878553.35,C3,4,A3,blue,C3 4 A3,316361.739999999990000,4878553.349999999600000
316363.16,4878543.45,C3,4,A4,orange,C3 4 A4,316363.159999999970000,4878543.450000000200000
316368.81,4878574.57,C3,4,B1,blue,C3 4 B1,316368.810000000000000,4878574.570000000300000
316370.23,4878564.67,C3,4,B2,blue,C3 4 B2,316370.229999999980000,4878564.669999999900000
316371.64,4878554.77,C3,4,B3,blue,C3 4 B3,316371.640000000010000,4878554.769999999600000
316373.06,4878544.87,C3,4,B4,blue,C3 4 B4,316373.060000000000000,4878544.870000000100000
316378.71,4878575.99,C3,4,C1,blue,C3 4 C1,316378.710000000020000,4878575.990000000200000
316380.13,4878566.09,C3,4,C2,blue,C3 4 C2,316380.130000000000000,4878566.089999999900000
316381.54,4878556.19,C3,4,C3,blue,C3 4 C3,316381.539999999980000,4878556.190000000400000
316382.96,4878546.29,C3,4,C4,blue,C3 4 C4,316382.960000000020000,4878546.290000000000000
316388.61,4878577.4,C3,4,D1,orange,C3 4 D1,316388.609999999990000,4878577.400000000400000
316390.02,4878567.5,C3,4,D2,blue,C3 4 D2,316390.020000000020000,4878567.500000000000000
316391.44,4878557.6,C3,4,D3,blue,C3 4 D3,316391.440000000000000,4878557.599999999600000
316392.86,4878547.71,C3,4,D4,orange,C3 4 D4,316392.859999999990000,4878547.710000000000000
316404.17,4878539.22,C3,4,NE,pink,C3 4 NE,316404.169999999980000,4878539.219999999700000
316354.68,4878532.14,C3,4,SW,pink,C3 4 SW,316354.679999999990000,4878532.139999999700000
316439.5,4878645.3,C3,"1,2",,pink,"C3 1,2",316439.500000000000000,4878645.299999999800000
316390.0,4878638.22,C3,"1,2,3",,pink,"C3 1,2,3",316390.000000000000000,4878638.219999999700000
316347.59,4878581.63,C3,"2,3",,pink,"C3 2,3",316347.590000000030000,4878581.629999999900000
316397.09,4878588.72,C3,"2,3,4",,pink,"C3 2,3,4",316397.090000000030000,4878588.719999999700000
318267.51,4880331.63,C4,1,A1,orange,C4 1 A1,318267.510000000010000,4880331.629999999900000
318260.22,4880324.78,C4,1,A2,blue,C4 1 A2,318260.219999999970000,4880324.780000000300000
318252.92,4880317.94,C4,1,A3,blue,C4 1 A3,318252.919999999980000,4880317.940000000400000
318245.63,4880311.1,C4,1,A4,orange,C4 1 A4,318245.630000000000000,4880311.099999999600000
318274.35,4880324.33,C4,1,B1,blue,C4 1 B1,318274.349999999980000,4880324.330000000100000
318267.06,4880317.48,C4,1,B2,blue,C4 1 B2,318267.060000000000000,4880317.480000000400000
318259.76,4880310.64,C4,1,B3,blue,C4 1 B3,318259.760000000010000,4880310.639999999700000
318252.47,4880303.8,C4,1,B4,blue,C4 1 B4,318252.469999999970000,4880303.799999999800000
318281.19,4880317.03,C4,1,C1,blue,C4 1 C1,318281.190000000000000,4880317.030000000300000
318273.9,4880310.19,C4,1,C2,blue,C4 1 C2,318273.900000000020000,4880310.190000000400000
318266.6,4880303.35,C4,1,C3,blue,C4 1 C3,318266.599999999980000,4880303.349999999600000
318259.31,4880296.51,C4,1,C4,blue,C4 1 C4,318259.310000000000000,4880296.509999999800000
318288.03,4880309.74,C4,1,D1,orange,C4 1 D1,318288.030000000030000,4880309.740000000200000
318280.74,4880302.89,C4,1,D2,blue,C4 1 D2,318280.739999999990000,4880302.889999999700000
318273.44,4880296.05,C4,1,D3,blue,C4 1 D3,318273.440000000000000,4880296.049999999800000
318266.14,4880289.21,C4,1,D4,orange,C4 1 D4,318266.140000000010000,4880289.210000000000000
318302.16,4880309.27,C4,1,E,pink,C4 1 E,318302.159999999970000,4880309.269999999600000
318267.97,4880345.76,C4,1,N,pink,C4 1 N,318267.969999999970000,4880345.759999999800000
318265.68,4880275.08,C4,1,S,pink,C4 1 S,318265.679999999990000,4880275.080000000100000
318231.49,4880311.56,C4,1,W,pink,C4 1 W,318231.489999999990000,4880311.559999999600000
318320.94,4880294.7,C4,2,A1,orange,C4 2 A1,318320.940000000000000,4880294.700000000200000
318313.65,4880287.85,C4,2,A2,blue,C4 2 A2,318313.650000000020000,4880287.849999999600000
318306.36,4880281.01,C4,2,A3,blue,C4 2 A3,318306.359999999990000,4880281.009999999800000
318299.06,4880274.17,C4,2,A4,orange,C4 2 A4,318299.060000000000000,4880274.169999999900000
318327.78,4880287.4,C4,2,B1,blue,C4 2 B1,318327.780000000030000,4880287.400000000400000
318320.49,4880280.55,C4,2,B2,blue,C4 2 B2,318320.489999999990000,4880280.549999999800000
318313.19,4880273.71,C4,2,B3,blue,C4 2 B3,318313.190000000000000,4880273.710000000000000
318305.9,4880266.88,C4,2,B4,blue,C4 2 B4,318305.900000000020000,4880266.879999999900000
318334.62,4880280.1,C4,2,C1,blue,C4 2 C1,318334.620000000000000,4880280.099999999600000
318327.33,4880273.26,C4,2,C2,blue,C4 2 C2,318327.330000000020000,4880273.259999999800000
318320.03,4880266.42,C4,2,C3,blue,C4 2 C3,318320.030000000030000,4880266.419999999900000
318312.74,4880259.58,C4,2,C4,blue,C4 2 C4,318312.739999999990000,4880259.580000000100000
318341.46,4880272.81,C4,2,D1,orange,C4 2 D1,318341.460000000020000,4880272.809999999600000
318334.17,4880265.96,C4,2,D2,blue,C4 2 D2,318334.169999999980000,4880265.960000000000000
318326.87,4880259.12,C4,2,D3,blue,C4 2 D3,318326.870000000000000,4880259.120000000100000
318319.57,4880252.28,C4,2,D4,orange,C4 2 D4,318319.570000000010000,4880252.280000000300000
318355.59,4880272.35,C4,2,E,pink,C4 2 E,318355.590000000030000,4880272.349999999600000
318321.4,4880308.83,C4,2,N,pink,C4 2 N,318321.400000000020000,4880308.830000000100000
318319.11,4880238.15,C4,2,S,pink,C4 2 S,318319.109999999990000,4880238.150000000400000
318284.92,4880274.63,C4,2,W,pink,C4 2 W,318284.919999999980000,4880274.629999999900000
318399.68,4880295.78,C4,3,A1,orange,C4 3 A1,318399.679999999990000,4880295.780000000300000
318392.39,4880288.94,C4,3,A2,blue,C4 3 A2,318392.390000000010000,4880288.940000000400000
318385.1,4880282.1,C4,3,A3,blue,C4 3 A3,318385.099999999980000,4880282.099999999600000
318377.8,4880275.26,C4,3,A4,orange,C4 3 A4,318377.799999999990000,4880275.259999999800000
318406.52,4880288.49,C4,3,B1,blue,C4 3 B1,318406.520000000020000,4880288.490000000200000
318399.23,4880281.64,C4,3,B2,blue,C4 3 B2,318399.229999999980000,4880281.639999999700000
318391.94,4880274.8,C4,3,B3,blue,C4 3 B3,318391.940000000000000,4880274.799999999800000
318384.64,4880267.96,C4,3,B4,blue,C4 3 B4,318384.640000000010000,4880267.960000000000000
318413.36,4880281.19,C4,3,C1,blue,C4 3 C1,318413.359999999990000,4880281.190000000400000
318406.07,4880274.34,C4,3,C2,blue,C4 3 C2,318406.070000000010000,4880274.339999999900000
318398.77,4880267.51,C4,3,C3,blue,C4 3 C3,318398.770000000020000,4880267.509999999800000
318391.48,4880260.67,C4,3,C4,blue,C4 3 C4,318391.479999999980000,4880260.669999999900000
318420.2,4880273.9,C4,3,D1,orange,C4 3 D1,318420.200000000010000,4880273.900000000400000
318412.91,4880267.05,C4,3,D2,blue,C4 3 D2,318412.909999999970000,4880267.049999999800000
318405.61,4880260.21,C4,3,D3,blue,C4 3 D3,318405.609999999990000,4880260.210000000000000
318398.32,4880253.37,C4,3,D4,orange,C4 3 D4,318398.320000000010000,4880253.370000000100000
318434.34,4880273.43,C4,3,E,pink,C4 3 E,318434.340000000030000,4880273.429999999700000
318400.14,4880309.92,C4,3,N,pink,C4 3 N,318400.140000000010000,4880309.919999999900000
318397.85,4880239.24,C4,3,S,pink,C4 3 S,318397.849999999980000,4880239.240000000200000
318363.66,4880275.72,C4,3,W,pink,C4 3 W,318363.659999999970000,4880275.719999999700000
318453.98,4880258.35,C4,4,A1,orange,C4 4 A1,318453.979999999980000,4880258.349999999600000
318445.61,4880252.88,C4,4,A2,blue,C4 4 A2,318445.609999999990000,4880252.879999999900000
318437.23,4880247.41,C4,4,A3,blue,C4 4 A3,318437.229999999980000,4880247.410000000100000
318428.86,4880241.95,C4,4,A4,orange,C4 4 A4,318428.859999999990000,4880241.950000000200000
318459.45,4880249.98,C4,4,B1,blue,C4 4 B1,318459.450000000010000,4880249.980000000400000
318451.07,4880244.51,C4,4,B2,blue,C4 4 B2,318451.070000000010000,4880244.509999999800000
318442.7,4880239.04,C4,4,B3,blue,C4 4 B3,318442.700000000010000,4880239.040000000000000
318434.33,4880233.57,C4,4,B4,blue,C4 4 B4,318434.330000000020000,4880233.570000000300000
318464.92,4880241.6,C4,4,C1,blue,C4 4 C1,318464.919999999980000,4880241.599999999600000
318456.54,4880236.14,C4,4,C2,blue,C4 4 C2,318456.539999999980000,4880236.139999999700000
318448.17,4880230.67,C4,4,C3,blue,C4 4 C3,318448.169999999980000,4880230.669999999900000
318439.8,4880225.2,C4,4,C4,blue,C4 4 C4,318439.799999999990000,4880225.200000000200000
318470.38,4880233.23,C4,4,D1,orange,C4 4 D1,318470.380000000000000,4880233.230000000400000
318462.01,4880227.76,C4,4,D2,blue,C4 4 D2,318462.010000000010000,4880227.759999999800000
318453.64,4880222.29,C4,4,D3,blue,C4 4 D3,318453.640000000010000,4880222.290000000000000
318445.26,4880216.83,C4,4,D4,orange,C4 4 D4,318445.260000000010000,4880216.830000000100000
318484.22,4880230.32,C4,4,E,pink,C4 4 E,318484.219999999970000,4880230.320000000300000
318456.89,4880272.19,C4,4,N,pink,C4 4 N,318456.890000000010000,4880272.190000000400000
318442.36,4880202.99,C4,4,S,pink,C4 4 S,318442.359999999990000,4880202.990000000200000
318415.02,4880244.85,C4,4,W,pink,C4 4 W,318415.020000000020000,4880244.849999999600000
314389.35,4878863.34,C5,1,A1,orange,C5 1 A1,314389.349999999980000,4878863.339999999900000
314382.67,4878855.89,C5,1,A2,blue,C5 1 A2,314382.669999999980000,4878855.889999999700000
314376.0,4878848.44,C5,1,A3,blue,C5 1 A3,314376.000000000000000,4878848.440000000400000
314369.33,4878840.99,C5,1,A4,orange,C5 1 A4,314369.330000000020000,4878840.990000000200000
314396.79,4878856.66,C5,1,B1,blue,C5 1 B1,314396.789999999980000,4878856.660000000100000
314390.12,4878849.21,C5,1,B2,blue,C5 1 B2,314390.120000000000000,4878849.210000000000000
314383.45,4878841.77,C5,1,B3,blue,C5 1 B3,314383.450000000010000,4878841.769999999600000
314376.78,4878834.32,C5,1,B4,blue,C5 1 B4,314376.780000000030000,4878834.320000000300000
314404.24,4878849.99,C5,1,C1,blue,C5 1 C1,314404.239999999990000,4878849.990000000200000
314397.57,4878842.54,C5,1,C2,blue,C5 1 C2,314397.570000000010000,4878842.540000000000000
314390.9,4878835.09,C5,1,C3,blue,C5 1 C3,314390.900000000020000,4878835.089999999900000
314384.23,4878827.64,C5,1,C4,blue,C5 1 C4,314384.229999999980000,4878827.639999999700000
314411.69,4878843.32,C5,1,D1,orange,C5 1 D1,314411.690000000000000,4878843.320000000300000
314405.02,4878835.87,C5,1,D2,blue,C5 1 D2,314405.020000000020000,4878835.870000000100000
314398.35,4878828.42,C5,1,D3,blue,C5 1 D3,314398.349999999980000,4878828.419999999900000
314391.67,4878820.97,C5,1,D4,orange,C5 1 D4,314391.669999999980000,4878820.969999999700000
314388.57,4878877.46,C5,1,NE,pink,C5 1 NE,314388.570000000010000,4878877.460000000000000
314355.21,4878840.21,C5,1,NW,pink,C5 1 NW,314355.210000000020000,4878840.210000000000000
314425.81,4878844.09,C5,1,SE,pink,C5 1 SE,314425.810000000000000,4878844.089999999900000
314392.45,4878806.85,C5,1,SE,pink,C5 1 SE,314392.450000000010000,4878806.849999999600000
314451.0,4878925.95,C5,2,A1,orange,C5 2 A1,314451.000000000000000,4878925.950000000200000
314491.82,4878956.52,C5,3,A1,orange,C5 2 A1,314491.820000000010000,4878956.519999999600000
314505.88,4878970.63,C5,4,A1,orange,C5 2 A1,314505.880000000000000,4878970.629999999900000
314444.33,4878918.5,C5,2,A2,blue,C5 2 A2,314444.330000000020000,4878918.500000000000000
314485.14,4878949.07,C5,3,A2,blue,C5 2 A2,314485.140000000010000,4878949.070000000300000
314513.33,4878963.96,C5,4,A2,blue,C5 2 A2,314513.330000000020000,4878963.960000000000000
314437.66,4878911.05,C5,2,A3,blue,C5 2 A3,314437.659999999970000,4878911.049999999800000
314478.47,4878941.62,C5,3,A3,blue,C5 2 A3,314478.469999999970000,4878941.620000000100000
314520.78,4878957.28,C5,4,A3,blue,C5 2 A3,314520.780000000030000,4878957.280000000300000
314430.99,4878903.6,C5,2,A4,orange,C5 2 A4,314430.989999999990000,4878903.599999999600000
314471.8,4878934.18,C5,3,A4,orange,C5 2 A4,314471.799999999990000,4878934.179999999700000
314528.22,4878950.61,C5,4,A4,orange,C5 2 A4,314528.219999999970000,4878950.610000000300000
314458.45,4878919.28,C5,2,B1,blue,C5 2 B1,314458.450000000010000,4878919.280000000300000
314499.27,4878949.85,C5,3,B1,blue,C5 2 B1,314499.270000000020000,4878949.849999999600000
314512.55,4878978.08,C5,4,B1,blue,C5 2 B1,314512.549999999990000,4878978.080000000100000
314451.78,4878911.83,C5,2,B2,blue,C5 2 B2,314451.780000000030000,4878911.830000000100000
314492.59,4878942.4,C5,3,B2,blue,C5 2 B2,314492.590000000030000,4878942.400000000400000
314520.0,4878971.4,C5,4,B2,blue,C5 2 B2,314520.000000000000000,4878971.400000000400000
314445.11,4878904.38,C5,2,B3,blue,C5 2 B3,314445.109999999990000,4878904.379999999900000
314485.92,4878934.95,C5,3,B3,blue,C5 2 B3,314485.919999999980000,4878934.950000000200000
314527.45,4878964.73,C5,4,B3,blue,C5 2 B3,314527.450000000010000,4878964.730000000400000
314438.44,4878896.93,C5,2,B4,blue,C5 2 B4,314438.440000000000000,4878896.929999999700000
314479.25,4878927.5,C5,3,B4,blue,C5 2 B4,314479.250000000000000,4878927.500000000000000
314534.9,4878958.06,C5,4,B4,blue,C5 2 B4,314534.900000000020000,4878958.059999999600000
314465.9,4878912.6,C5,2,C1,blue,C5 2 C1,314465.900000000020000,4878912.599999999600000
314506.71,4878943.18,C5,3,C1,blue,C5 2 C1,314506.710000000020000,4878943.179999999700000
314519.22,4878985.53,C5,4,C1,blue,C5 2 C1,314519.219999999970000,4878985.530000000300000
314459.23,4878905.16,C5,2,C2,blue,C5 2 C2,314459.229999999980000,4878905.160000000100000
314493.37,4878928.28,C5,3,C2,blue,C5 2 C2,314493.370000000000000,4878928.280000000300000
314500.04,4878935.73,C5,3,C2,blue,C5 2 C2,314500.039999999980000,4878935.730000000400000
314526.67,4878978.85,C5,4,C2,blue,C5 2 C2,314526.669999999980000,4878978.849999999600000
314452.56,4878897.71,C5,2,C3,blue,C5 2 C3,314452.560000000000000,4878897.710000000000000
314534.12,4878972.18,C5,4,C3,blue,C5 2 C3,314534.120000000000000,4878972.179999999700000
314445.88,4878890.26,C5,2,C4,blue,C5 2 C4,314445.880000000000000,4878890.259999999800000
314486.7,4878920.83,C5,3,C4,blue,C5 2 C4,314486.700000000010000,4878920.830000000100000
314541.57,4878965.51,C5,4,C4,blue,C5 2 C4,314541.570000000010000,4878965.509999999800000
314473.35,4878905.93,C5,2,D1,orange,C5 2 D1,314473.349999999980000,4878905.929999999700000
314514.16,4878936.5,C5,3,D1,orange,C5 2 D1,314514.159999999970000,4878936.500000000000000
314525.9,4878992.97,C5,4,D1,orange,C5 2 D1,314525.900000000020000,4878992.969999999700000
314466.68,4878898.48,C5,2,D2,blue,C5 2 D2,314466.679999999990000,4878898.480000000400000
314507.49,4878929.05,C5,3,D2,blue,C5 2 D2,314507.489999999990000,4878929.049999999800000
314533.34,4878986.3,C5,4,D2,blue,C5 2 D2,314533.340000000030000,4878986.299999999800000
314460.01,4878891.03,C5,2,D3,blue,C5 2 D3,314460.010000000010000,4878891.030000000300000
314500.82,4878921.61,C5,3,D3,blue,C5 2 D3,314500.820000000010000,4878921.610000000300000
314540.79,4878979.63,C5,4,D3,blue,C5 2 D3,314540.789999999980000,4878979.629999999900000
314453.33,4878883.59,C5,2,D4,orange,C5 2 D4,314453.330000000020000,4878883.589999999900000
314494.14,4878914.16,C5,3,D4,orange,C5 2 D4,314494.140000000010000,4878914.160000000100000
314548.24,4878972.96,C5,4,D4,orange,C5 2 D4,314548.239999999990000,4878972.960000000000000
314450.23,4878940.07,C5,2,NE,pink,C5 2 NE,314450.229999999980000,4878940.070000000300000
314525.12,4879007.1,C5,2,NE,pink,C5 2 NE,314525.120000000000000,4879007.099999999600000
314416.87,4878902.83,C5,2,NW,pink,C5 2 NW,314416.870000000000000,4878902.830000000100000
314454.11,4878869.46,C5,2,SE,pink,C5 2 SE,314454.109999999990000,4878869.460000000000000
314487.47,4878906.71,C5,2,SE,pink,C5 2 SE,314487.469999999970000,4878906.710000000000000
314562.36,4878973.73,C5,2,SE,pink,C5 2 SE,314562.359999999990000,4878973.730000000400000
314457.68,4878933.4,C5,3,NW,pink,C5 3 NW,314457.679999999990000,4878933.400000000400000
314494.92,4878900.04,C5,3,SW,pink,C5 3 SW,314494.919999999980000,4878900.040000000000000
314528.28,4878937.28,C5,"3,4",,pink,"C5 3,4",314528.280000000030000,4878937.280000000300000
314491.04,4878970.64,C5,"3,4",,pink,"C5 3,4",314491.039999999980000,4878970.639999999700000
317695.39,4878886.86,C6,1,A1,orange,C6 1 A1,317695.390000000010000,4878886.860000000300000
317705.38,4878886.54,C6,1,A2,blue,C6 1 A2,317705.380000000000000,4878886.540000000000000
317715.38,4878886.21,C6,1,A3,blue,C6 1 A3,317715.380000000000000,4878886.210000000000000
317725.37,4878885.89,C6,1,A4,orange,C6 1 A4,317725.370000000000000,4878885.889999999700000
317695.07,4878876.86,C6,1,B1,blue,C6 1 B1,317695.070000000010000,4878876.860000000300000
317705.06,4878876.54,C6,1,B2,blue,C6 1 B2,317705.060000000000000,4878876.540000000000000
317715.06,4878876.22,C6,1,B3,blue,C6 1 B3,317715.060000000000000,4878876.219999999700000
317725.05,4878875.89,C6,1,B4,blue,C6 1 B4,317725.049999999990000,4878875.889999999700000
317694.74,4878866.87,C6,1,C1,blue,C6 1 C1,317694.739999999990000,4878866.870000000100000
317704.74,4878866.55,C6,1,C2,blue,C6 1 C2,317704.739999999990000,4878866.549999999800000
317714.73,4878866.22,C6,1,C3,blue,C6 1 C3,317714.729999999980000,4878866.219999999700000
317724.73,4878865.9,C6,1,C4,blue,C6 1 C4,317724.729999999980000,4878865.900000000400000
317694.42,4878856.87,C6,1,D1,orange,C6 1 D1,317694.419999999980000,4878856.870000000100000
317704.41,4878856.55,C6,1,D2,blue,C6 1 D2,317704.409999999970000,4878856.549999999800000
317714.41,4878856.23,C6,1,D3,blue,C6 1 D3,317714.409999999970000,4878856.230000000400000
317724.4,4878855.9,C6,1,D4,orange,C6 1 D4,317724.400000000020000,4878855.900000000400000
317685.72,4878897.18,C6,1,NW,pink,C6 1  NW,317685.719999999970000,4878897.179999999700000
317693.77,4878836.89,C6,2,A1,orange,C6 2 A1,317693.770000000020000,4878836.889999999700000
317703.77,4878836.56,C6,2,A2,blue,C6 2 A2,317703.770000000020000,4878836.559999999600000
317713.76,4878836.24,C6,2,A3,blue,C6 2 A3,317713.760000000010000,4878836.240000000200000
317723.76,4878835.91,C6,2,A4,orange,C6 2 A4,317723.760000000010000,4878835.910000000100000
317693.45,4878826.89,C6,2,B1,blue,C6 2 B1,317693.450000000010000,4878826.889999999700000
317703.44,4878826.57,C6,2,B2,blue,C6 2 B2,317703.440000000000000,4878826.570000000300000
317713.44,4878826.24,C6,2,B3,blue,C6 2 B3,317713.440000000000000,4878826.240000000200000
317723.43,4878825.92,C6,2,B4,blue,C6 2 B4,317723.429999999990000,4878825.919999999900000
317693.12,4878816.9,C6,2,C1,blue,C6 2 C1,317693.120000000000000,4878816.900000000400000
317703.12,4878816.57,C6,2,C2,blue,C6 2 C2,317703.120000000000000,4878816.570000000300000
317713.11,4878816.25,C6,2,C3,blue,C6 2 C3,317713.109999999990000,4878816.250000000000000
317723.11,4878815.92,C6,2,C4,blue,C6 2 C4,317723.109999999990000,4878815.919999999900000
317692.8,4878806.9,C6,2,D1,orange,C6 2 D1,317692.799999999990000,4878806.900000000400000
317702.8,4878806.58,C6,2,D2,blue,C6 2 D2,317702.799999999990000,4878806.580000000100000
317712.79,4878806.25,C6,2,D3,blue,C6 2 D3,317712.789999999980000,4878806.250000000000000
317722.79,4878805.93,C6,2,D4,orange,C6 2 D4,317722.789999999980000,4878805.929999999700000
317745.36,4878885.24,C6,3,A1,orange,C6 3 A1,317745.359999999990000,4878885.240000000200000
317755.36,4878884.92,C6,3,A2,blue,C6 3 A2,317755.359999999990000,4878884.919999999900000
317765.35,4878884.59,C6,3,A3,blue,C6 3 A3,317765.349999999980000,4878884.589999999900000
317775.35,4878884.27,C6,3,A4,orange,C6 3 A4,317775.349999999980000,4878884.269999999600000
317745.04,4878875.25,C6,3,B1,blue,C6 3 B1,317745.039999999980000,4878875.250000000000000
317755.04,4878874.92,C6,3,B2,blue,C6 3 B2,317755.039999999980000,4878874.919999999900000
317765.03,4878874.6,C6,3,B3,blue,C6 3 B3,317765.030000000030000,4878874.599999999600000
317775.03,4878874.28,C6,3,B4,blue,C6 3 B4,317775.030000000030000,4878874.280000000300000
317744.72,4878865.25,C6,3,C1,blue,C6 3 C1,317744.719999999970000,4878865.250000000000000
317754.71,4878864.93,C6,3,C2,blue,C6 3 C2,317754.710000000020000,4878864.929999999700000
317764.71,4878864.6,C6,3,C3,blue,C6 3 C3,317764.710000000020000,4878864.599999999600000
317774.7,4878864.28,C6,3,C4,blue,C6 3 C4,317774.700000000010000,4878864.280000000300000
317744.39,4878855.26,C6,3,D1,orange,C6 3 D1,317744.390000000010000,4878855.259999999800000
317754.39,4878854.93,C6,3,D2,blue,C6 3 D2,317754.390000000010000,4878854.929999999700000
317764.38,4878854.61,C6,3,D3,blue,C6 3 D3,317764.380000000000000,4878854.610000000300000
317774.38,4878854.29,C6,3,D4,orange,C6 3 D4,317774.380000000000000,4878854.290000000000000
317785.67,4878893.94,C6,3,NE,pink,C6 3 NE,317785.669999999980000,4878893.940000000400000
317682.48,4878797.23,C6,3,SW,pink,C6 3 SW,317682.479999999980000,4878797.230000000400000
317743.75,4878835.27,C6,4,A1,orange,C6 4 A1,317743.750000000000000,4878835.269999999600000
317743.42,4878825.27,C6,4,A2,blue,C6 4 A2,317743.419999999980000,4878825.269999999600000
317743.1,4878815.28,C6,4,A3,blue,C6 4 A3,317743.099999999980000,4878815.280000000300000
317742.78,4878805.28,C6,4,A4,orange,C6 4 A4,317742.780000000030000,4878805.280000000300000
317753.74,4878834.94,C6,4,B1,blue,C6 4 B1,317753.739999999990000,4878834.940000000400000
317753.42,4878824.95,C6,4,B2,blue,C6 4 B2,317753.419999999980000,4878824.950000000200000
317753.09,4878814.95,C6,4,B3,blue,C6 4 B3,317753.090000000030000,4878814.950000000200000
317752.77,4878804.96,C6,4,B4,blue,C6 4 B4,317752.770000000020000,4878804.960000000000000
317763.74,4878834.62,C6,4,C1,blue,C6 4 C1,317763.739999999990000,4878834.620000000100000
317763.41,4878824.63,C6,4,C2,blue,C6 4 C2,317763.409999999970000,4878824.629999999900000
317763.09,4878814.63,C6,4,C3,blue,C6 4 C3,317763.090000000030000,4878814.629999999900000
317762.77,4878804.64,C6,4,C4,blue,C6 4 C4,317762.770000000020000,4878804.639999999700000
317773.73,4878834.3,C6,4,D1,orange,C6 4 D1,317773.729999999980000,4878834.299999999800000
317773.41,4878824.3,C6,4,D2,blue,C6 4 D2,317773.409999999970000,4878824.299999999800000
317773.08,4878814.31,C6,4,D3,blue,C6 4 D3,317773.080000000020000,4878814.309999999600000
317772.76,4878804.31,C6,4,D4,orange,C6 4 D4,317772.760000000010000,4878804.309999999600000
317782.43,4878793.99,C6,4,SE,pink,C6 4 SE,317782.429999999990000,4878793.990000000200000
317820.78,4878866.48,C6,5,A1,orange,C6 5 A1,317820.780000000030000,4878866.480000000400000
317830.77,4878866.15,C6,5,A2,blue,,317830.770000000020000,4878866.150000000400000
317840.77,4878865.83,C6,5,A3,blue,,317840.770000000020000,4878865.830000000100000
317850.76,4878865.51,C6,5,A4,orange,C6 5 A4,317850.760000000010000,4878865.509999999800000
317820.45,4878856.48,C6,5,B1,blue,,317820.450000000010000,4878856.480000000400000
317830.45,4878856.16,C6,5,B2,blue,,317830.450000000010000,4878856.160000000100000
317840.44,4878855.84,C6,5,B3,blue,,317840.440000000000000,4878855.839999999900000
317850.44,4878855.51,C6,5,B4,blue,,317850.440000000000000,4878855.509999999800000
317820.13,4878846.49,C6,5,C1,blue,,317820.130000000000000,4878846.490000000200000
317830.12,4878846.16,C6,5,C2,blue,,317830.120000000000000,4878846.160000000100000
317840.12,4878845.84,C6,5,C3,blue,,317840.120000000000000,4878845.839999999900000
317850.11,4878845.52,C6,5,C4,blue,,317850.109999999990000,4878845.519999999600000
317819.81,4878836.49,C6,5,D1,orange,C6 5 D1,317819.810000000000000,4878836.490000000200000
317829.8,4878836.17,C6,5,D2,blue,,317829.799999999990000,4878836.169999999900000
317839.8,4878835.85,C6,5,D3,blue,,317839.799999999990000,4878835.849999999600000
317849.79,4878835.52,C6,5,D4,orange,C6 5 D4,317849.789999999980000,4878835.519999999600000
317861.08,4878875.18,C6,5,NE,pink,C6 5 NE,317861.080000000020000,4878875.179999999700000
317811.11,4878876.8,C6,5,NW,pink,C6 5 NW,317811.109999999990000,4878876.799999999800000
317859.46,4878825.2,C6,5,SE,pink,C6 5 SE,317859.460000000020000,4878825.200000000200000
317809.49,4878826.82,C6,5,SW,pink,C6 5 SW,317809.489999999990000,4878826.820000000300000
317684.1,4878847.2,C6,"1,2",,pink,"C6 1,2",317684.099999999980000,4878847.200000000200000
317735.69,4878895.56,C6,"1,3",,pink,"C6 1,3",317735.690000000000000,4878895.559999999600000
317732.46,4878795.61,C6,"2,4",,pink,"C6 2,4",317732.460000000020000,4878795.610000000300000
317784.05,4878843.97,C6,"3,4",,pink,"C6 3,4",317784.049999999990000,4878843.969999999700000
317734.08,4878845.59,C6,all,CTR,pink,C6 all CTR,317734.080000000020000,4878845.589999999900000
315538.92,4880272.5,C7,1,A1,orange,C7 1 A1,315538.919999999980000,4880272.500000000000000
315538.6,4880262.51,C7,1,A2,blue,C7 1 B1,315538.599999999980000,4880262.509999999800000
315538.27,4880252.51,C7,1,A3,blue,C7 1 C1,315538.270000000020000,4880252.509999999800000
315537.95,4880242.52,C7,1,A4,orange,C7 1 A4,315537.950000000010000,4880242.519999999600000
315548.92,4880272.18,C7,1,B1,blue,C7 1 A2,315548.919999999980000,4880272.179999999700000
315548.59,4880262.18,C7,1,B2,blue,C7 1 B2,315548.590000000030000,4880262.179999999700000
315548.27,4880252.19,C7,1,B3,blue,C7 1 C2,315548.270000000020000,4880252.190000000400000
315547.95,4880242.19,C7,1,B4,blue,C7 1 D2,315547.950000000010000,4880242.190000000400000
315558.91,4880271.86,C7,1,C1,blue,C7 1 C1,315558.909999999970000,4880271.860000000300000
315558.59,4880261.86,C7,1,C2,blue,C7 1 B3,315558.590000000030000,4880261.860000000300000
315558.26,4880251.87,C7,1,C3,blue,C7 1 C3,315558.260000000010000,4880251.870000000100000
315557.94,4880241.87,C7,1,C4,blue,C7 1 D3,315557.940000000000000,4880241.870000000100000
315568.91,4880271.53,C7,1,D1,orange,C7 1 D1,315568.909999999970000,4880271.530000000300000
315568.58,4880261.54,C7,1,D2,blue,C7 1 B4,315568.580000000020000,4880261.540000000000000
315568.26,4880251.54,C7,1,D3,blue,C7 1 C4,315568.260000000010000,4880251.540000000000000
315567.94,4880241.55,C7,1,D4,orange,C7 1 D4,315567.940000000000000,4880241.549999999800000
315579.22,4880281.2,C7,1,NE,pink,C7 1 NE,315579.219999999970000,4880281.200000000200000
315577.61,4880231.23,C7,1,SE,pink,C7 1 SE,315577.609999999990000,4880231.230000000400000
315527.63,4880232.85,C7,1,SW,pink,C7 1 SW,315527.630000000000000,4880232.849999999600000
315490.56,4880324.1,C7,2,A1,orange,C7 2 A1,315490.560000000000000,4880324.099999999600000
315490.24,4880314.1,C7,2,A2,blue,C7 2 A2,315490.239999999990000,4880314.099999999600000
315489.92,4880304.11,C7,2,A3,blue,C7 2 A3,315489.919999999980000,4880304.110000000300000
315489.59,4880294.11,C7,2,A4,orange,C7 2 A4,315489.590000000030000,4880294.110000000300000
315500.56,4880323.77,C7,2,B1,blue,C7 2 B1,315500.560000000000000,4880323.769999999600000
315500.24,4880313.78,C7,2,B2,blue,C7 2 B2,315500.239999999990000,4880313.780000000300000
315499.91,4880303.78,C7,2,B3,blue,C7 2 B3,315499.909999999970000,4880303.780000000300000
315499.59,4880293.79,C7,2,B4,blue,C7 2 B4,315499.590000000030000,4880293.790000000000000
315510.55,4880323.45,C7,2,C1,blue,C7 2 C1,315510.549999999990000,4880323.450000000200000
315510.23,4880313.45,C7,2,C2,blue,C7 2 C2,315510.229999999980000,4880313.450000000200000
315509.91,4880303.46,C7,2,C3,blue,C7 2 C3,315509.909999999970000,4880303.460000000000000
315509.58,4880293.46,C7,2,C4,blue,C7 2 C4,315509.580000000020000,4880293.460000000000000
315520.55,4880323.13,C7,2,D1,orange,C7 2 D1,315520.549999999990000,4880323.129999999900000
315520.23,4880313.13,C7,2,D2,blue,C7 2 D2,315520.229999999980000,4880313.129999999900000
315519.9,4880303.14,C7,2,D3,blue,C7 2 D3,315519.900000000020000,4880303.139999999700000
315519.58,4880293.14,C7,2,D4,orange,C7 2 D4,315519.580000000020000,4880293.139999999700000
315479.27,4880284.44,C7,2,SW,pink,C7 2 SW,315479.270000000020000,4880284.440000000400000
315492.18,4880374.07,C7,3,A1,orange,C7 3 A1,315492.179999999990000,4880374.070000000300000
315491.86,4880364.08,C7,3,A2,blue,C7 3 A2,315491.859999999990000,4880364.080000000100000
315491.53,4880354.08,C7,3,A3,blue,C7 3 A3,315491.530000000030000,4880354.080000000100000
315491.21,4880344.09,C7,3,A4,orange,C7 3 A4,315491.210000000020000,4880344.089999999900000
315502.18,4880373.75,C7,3,B1,blue,C7 3 B1,315502.179999999990000,4880373.750000000000000
315501.85,4880363.75,C7,3,B2,blue,C7 3 B2,315501.849999999980000,4880363.750000000000000
315501.53,4880353.76,C7,3,B3,blue,C7 3 B3,315501.530000000030000,4880353.759999999800000
315501.21,4880343.76,C7,3,B4,blue,C7 3 B4,315501.210000000020000,4880343.759999999800000
315512.17,4880373.43,C7,3,C1,blue,C7 3 C1,315512.169999999980000,4880373.429999999700000
315511.85,4880363.43,C7,3,C2,blue,C7 3 C2,315511.849999999980000,4880363.429999999700000
315511.53,4880353.44,C7,3,C3,blue,C7 3 C3,315511.530000000030000,4880353.440000000400000
315511.2,4880343.44,C7,3,C4,blue,C7 3 C4,315511.200000000010000,4880343.440000000400000
315522.17,4880373.1,C7,3,D1,orange,C7 3 D1,315522.169999999980000,4880373.099999999600000
315521.84,4880363.11,C7,3,D2,blue,C7 3 D2,315521.840000000030000,4880363.110000000300000
315521.52,4880353.11,C7,3,D3,blue,C7 3 D3,315521.520000000020000,4880353.110000000300000
315521.2,4880343.12,C7,3,D4,orange,C7 3 D4,315521.200000000010000,4880343.120000000100000
315532.49,4880382.77,C7,3,NE,pink,C7 3 NE,315532.489999999990000,4880382.769999999600000
315482.51,4880384.39,C7,3,NW,pink,C7 3 NW,315482.510000000010000,4880384.389999999700000
315500.3,4880454.75,C7,4,A1,orange,C7 4 A1,315500.299999999990000,4880454.750000000000000
315499.97,4880444.76,C7,4,A2,blue,C7 4 B1,315499.969999999970000,4880444.759999999800000
315499.65,4880434.76,C7,4,A3,blue,C7 4 C1,315499.650000000020000,4880434.759999999800000
315499.33,4880424.77,C7,4,A4,orange,C7 4 A4,315499.330000000020000,4880424.769999999600000
315510.29,4880454.43,C7,4,B1,blue,C7 4 A2,315510.289999999980000,4880454.429999999700000
315509.97,4880444.43,C7,4,B2,blue,C7 4 B2,315509.969999999970000,4880444.429999999700000
315509.65,4880434.44,C7,4,B3,blue,C7 4 C2,315509.650000000020000,4880434.440000000400000
315509.32,4880424.44,C7,4,B4,blue,C7 4 D2,315509.320000000010000,4880424.440000000400000
315520.29,4880454.1,C7,4,C1,blue,C7 4 A3,315520.289999999980000,4880454.099999999600000
315519.96,4880444.11,C7,4,C2,blue,C7 4 B3,315519.960000000020000,4880444.110000000300000
315519.64,4880434.11,C7,4,C3,blue,C7 4 C3,315519.640000000010000,4880434.110000000300000
315519.32,4880424.12,C7,4,C4,blue,C7 4 D3,315519.320000000010000,4880424.120000000100000
315530.28,4880453.78,C7,4,D1,orange,C7 4 D1,315530.280000000030000,4880453.780000000300000
315529.96,4880443.79,C7,4,D2,blue,C7 4 B4,315529.960000000020000,4880443.790000000000000
315529.64,4880433.79,C7,4,D3,blue,C7 4 C4,315529.640000000010000,4880433.790000000000000
315529.31,4880423.8,C7,4,D4,orange,C7 4 D4,315529.310000000000000,4880423.799999999800000
315540.6,4880463.45,C7,4,NE,pink,C7 4 NE,315540.599999999980000,4880463.450000000200000
315490.63,4880465.07,C7,4,NW,pink,C7 4  NW,315490.630000000000000,4880465.070000000300000
315538.98,4880413.48,C7,4,SE,pink,C7 4 SE,315538.979999999980000,4880413.480000000400000
315489.01,4880415.1,C7,4,SW,pink,C7 4 SW,315489.010000000010000,4880415.099999999600000
315529.25,4880282.82,C7,"1,2",,pink,"C7 1,2",315529.250000000000000,4880282.820000000300000
315480.89,4880334.42,C7,"2,3",,pink,"C7 2,3",315480.890000000010000,4880334.419999999900000
315530.87,4880332.8,C7,"2,3",,pink,"C7 2,3",315530.870000000000000,4880332.799999999800000
315969.76,4880447.65,C8,1,A1,orange,C8 1 A1,315969.760000000010000,4880447.650000000400000
315977.63,4880453.83,C8,1,A2,blue,C8 1 A2,315977.630000000000000,4880453.830000000100000
315985.49,4880460.0,C8,1,A3,blue,C8 1 A3,315985.489999999990000,4880460.000000000000000
315993.36,4880466.18,C8,1,A4,orange,C8 1 A4,315993.359999999990000,4880466.179999999700000
315975.94,4880439.79,C8,1,B1,blue,C8 1 B1,315975.940000000000000,4880439.790000000000000
315983.8,4880445.96,C8,1,B2,blue,C8 1 B2,315983.799999999990000,4880445.960000000000000
315991.67,4880452.14,C8,1,B3,blue,C8 1 B3,315991.669999999980000,4880452.139999999700000
315999.53,4880458.32,C8,1,B4,blue,C8 1 B4,315999.530000000030000,4880458.320000000300000
315982.12,4880431.92,C8,1,C1,blue,C8 1 C1,315982.120000000000000,4880431.919999999900000
315989.98,4880438.1,C8,1,C2,blue,C8 1 C2,315989.979999999980000,4880438.099999999600000
315997.85,4880444.27,C8,1,C3,blue,C8 1 C3,315997.849999999980000,4880444.269999999600000
316005.71,4880450.45,C8,1,C4,blue,C8 1 C4,316005.710000000020000,4880450.450000000200000
315988.29,4880424.06,C8,1,D1,orange,C8 1 D1,315988.289999999980000,4880424.059999999600000
315996.16,4880430.23,C8,1,D2,blue,C8 1 D2,315996.159999999970000,4880430.230000000400000
316004.02,4880436.41,C8,1,D3,blue,C8 1 D3,316004.020000000020000,4880436.410000000100000
316011.89,4880442.59,C8,1,D4,orange,C8 1 D4,316011.890000000010000,4880442.589999999900000
315995.04,4880480.22,C8,1,NE,pink,C8 1 NE,315995.039999999980000,4880480.219999999700000
316025.93,4880440.9,C8,1,SE,pink,C8 1 SE,316025.929999999990000,4880440.900000000400000
315930.44,4880416.77,C8,2,A1,orange,C8 2 A1,315930.440000000000000,4880416.769999999600000
315938.3,4880422.94,C8,2,A2,blue,C8 2 A2,315938.299999999990000,4880422.940000000400000
315946.17,4880429.12,C8,2,A3,blue,C8 2 A3,315946.169999999980000,4880429.120000000100000
315954.03,4880435.3,C8,2,A4,orange,C8 2 A4,315954.030000000030000,4880435.299999999800000
315936.62,4880408.9,C8,2,B1,blue,C8 2 B1,315936.620000000000000,4880408.900000000400000
315944.48,4880415.08,C8,2,B2,blue,C8 2 B2,315944.479999999980000,4880415.080000000100000
315952.34,4880421.26,C8,2,B3,blue,C8 2 B3,315952.340000000030000,4880421.259999999800000
315960.21,4880427.43,C8,2,B4,blue,C8 2 B4,315960.210000000020000,4880427.429999999700000
315942.79,4880401.04,C8,2,C1,blue,C8 2 C1,315942.789999999980000,4880401.040000000000000
315950.66,4880407.21,C8,2,C2,blue,C8 2 C2,315950.659999999970000,4880407.210000000000000
315958.52,4880413.39,C8,2,C3,blue,C8 2 C3,315958.520000000020000,4880413.389999999700000
315966.39,4880419.57,C8,2,C4,blue,C8 2 C4,315966.390000000010000,4880419.570000000300000
315948.97,4880393.17,C8,2,D1,orange,C8 2 D1,315948.969999999970000,4880393.169999999900000
315956.83,4880399.35,C8,2,D2,blue,C8 2 D2,315956.830000000020000,4880399.349999999600000
315964.7,4880405.53,C8,2,D3,blue,C8 2 D3,315964.700000000010000,4880405.530000000300000
315972.56,4880411.7,C8,2,D4,orange,C8 2 D4,315972.560000000000000,4880411.700000000200000
315916.4,4880418.45,C8,2,NW,pink,C8 2 NW,315916.400000000020000,4880418.450000000200000
315945.71,4880365.18,C8,3,A1,orange,C8 3 A1,315945.710000000020000,4880365.179999999700000
315953.57,4880371.36,C8,3,A2,blue,C8 3 A2,315953.570000000010000,4880371.360000000300000
315961.44,4880377.54,C8,3,A3,blue,C8 3 A3,315961.440000000000000,4880377.540000000000000
315969.3,4880383.71,C8,3,A4,orange,C8 3 A4,315969.299999999990000,4880383.710000000000000
315951.89,4880357.32,C8,3,B1,blue,C8 3 B1,315951.890000000010000,4880357.320000000300000
315959.75,4880363.5,C8,3,B2,blue,C8 3 B2,315959.750000000000000,4880363.500000000000000
315967.62,4880369.67,C8,3,B3,blue,C8 3 B3,315967.620000000000000,4880369.669999999900000
315975.48,4880375.85,C8,3,B4,blue,C8 3 B4,315975.479999999980000,4880375.849999999600000
315958.06,4880349.46,C8,3,C1,blue,C8 3 C1,315958.060000000000000,4880349.460000000000000
315965.93,4880355.63,C8,3,C2,blue,C8 3 C2,315965.929999999990000,4880355.629999999900000
315973.79,4880361.81,C8,3,C3,blue,C8 3 C3,315973.789999999980000,4880361.809999999600000
315981.66,4880367.99,C8,3,C4,blue,C8 3 C4,315981.659999999970000,4880367.990000000200000
315964.24,4880341.59,C8,3,D1,orange,C8 3 D1,315964.239999999990000,4880341.589999999900000
315972.1,4880347.77,C8,3,D2,blue,C8 3 D2,315972.099999999980000,4880347.769999999600000
315979.97,4880353.94,C8,3,D3,blue,C8 3 D3,315979.969999999970000,4880353.940000000400000
315987.83,4880360.12,C8,3,D4,orange,C8 3 D4,315987.830000000020000,4880360.120000000100000
315931.67,4880366.87,C8,3,NW,pink,C8 3 NW,315931.669999999980000,4880366.870000000100000
316001.88,4880358.43,C8,3,SE,pink,C8 3 SE,316001.880000000000000,4880358.429999999700000
315962.55,4880327.55,C8,3,SW,pink,C8 3 SW,315962.549999999990000,4880327.549999999800000
315770.34,4880545.72,C8,4,A1,orange,C8 4 A1,315770.340000000030000,4880545.719999999700000
315770.9,4880535.74,C8,4,A2,blue,C8 4 A2,315770.900000000020000,4880535.740000000200000
315771.45,4880525.76,C8,4,A3,blue,C8 4 A3,315771.450000000010000,4880525.759999999800000
315772.0,4880515.77,C8,4,A4,orange,C8 4 A4,315772.000000000000000,4880515.769999999600000
315780.33,4880546.27,C8,4,B1,blue,C8 4 B1,315780.330000000020000,4880546.269999999600000
315780.88,4880536.29,C8,4,B2,blue,C8 4 B2,315780.880000000000000,4880536.290000000000000
315781.43,4880526.3,C8,4,B3,blue,C8 4 B3,315781.429999999990000,4880526.299999999800000
315781.98,4880516.32,C8,4,B4,blue,C8 4 B4,315781.979999999980000,4880516.320000000300000
315790.31,4880546.81,C8,4,C1,blue,C8 4 C1,315790.310000000000000,4880546.809999999600000
315790.87,4880536.84,C8,4,C2,blue,C8 4 C2,315790.870000000000000,4880536.839999999900000
315791.42,4880526.85,C8,4,C3,blue,C8 4 C3,315791.419999999980000,4880526.849999999600000
315791.97,4880516.87,C8,4,C4,blue,C8 4 C4,315791.969999999970000,4880516.870000000100000
315800.3,4880547.36,C8,4,D1,orange,C8 4 D1,315800.299999999990000,4880547.360000000300000
315800.85,4880537.39,C8,4,D2,blue,C8 4 D2,315800.849999999980000,4880537.389999999700000
315801.4,4880527.4,C8,4,D3,blue,C8 4 D3,315801.400000000020000,4880527.400000000400000
315801.95,4880517.42,C8,4,D4,orange,C8 4 D4,315801.950000000010000,4880517.419999999900000
315809.74,4880557.9,C8,4,NE,pink,C8 4 NE,315809.739999999990000,4880557.900000000400000
315759.81,4880555.15,C8,4,NW,pink,C8 4 NW,315759.810000000000000,4880555.150000000400000
315812.48,4880507.97,C8,4,SE,pink,C8 4 SE,315812.479999999980000,4880507.969999999700000
315762.55,4880505.23,C8,4,SW,pink,C8 4 SW,315762.549999999990000,4880505.230000000400000
315810.55,4880454.75,C8,5,A1,orange,C8 5 A1,315810.549999999990000,4880454.750000000000000
315817.84,4880461.59,C8,5,A2,blue,C4 1 A3,315817.840000000030000,4880461.589999999900000
315825.14,4880468.43,C8,5,A3,blue,C4 1 A2,315825.140000000010000,4880468.429999999700000
315832.43,4880475.28,C8,5,A4,orange,C8 5 A4,315832.429999999990000,4880475.280000000300000
315817.39,4880447.45,C8,5,B1,blue,C4 1 B4,315817.390000000010000,4880447.450000000200000
315824.68,4880454.29,C8,5,B2,blue,C4 1 B3,315824.679999999990000,4880454.290000000000000
315831.98,4880461.13,C8,5,B3,blue,C4 1 B2,315831.979999999980000,4880461.129999999900000
315839.27,4880467.98,C8,5,B4,blue,C4 1 B1,315839.270000000020000,4880467.980000000400000
315824.23,4880440.16,C8,5,C1,blue,C4 1 C4,315824.229999999980000,4880440.160000000100000
315831.52,4880447.0,C8,5,C2,blue,C4 1 C3,315831.520000000020000,4880447.000000000000000
315838.82,4880453.83,C8,5,C3,blue,C4 1 C2,315838.820000000010000,4880453.830000000100000
315846.11,4880460.68,C8,5,C4,blue,C4 1 C1,315846.109999999990000,4880460.679999999700000
315831.06,4880432.86,C8,5,D1,orange,C8 5 D1,315831.060000000000000,4880432.860000000300000
315838.36,4880439.7,C8,5,D2,blue,C4 1 D3,315838.359999999990000,4880439.700000000200000
315845.66,4880446.54,C8,5,D3,blue,C4 1 D2,315845.659999999970000,4880446.540000000000000
315852.95,4880453.39,C8,5,D4,orange,C8 5 D4,315852.950000000010000,4880453.389999999700000
315867.08,4880452.92,C8,5,E,pink,C8 5 E,315867.080000000020000,4880452.919999999900000
315832.89,4880489.41,C8,5,N,pink,C8 5 N,315832.890000000010000,4880489.410000000100000
315830.6,4880418.73,C8,5,S,pink,C8 5 S,315830.599999999980000,4880418.730000000400000
315796.41,4880455.21,C8,5,W,pink,C8 5 W,315796.409999999970000,4880455.210000000000000
315955.72,4880449.34,C8,"1,2",,pink,"C8 1,2",315955.719999999970000,4880449.339999999900000
315986.6,4880410.01,C8,"1,2",,pink,"C8 1,2",315986.599999999980000,4880410.009999999800000
315970.99,4880397.76,C8,"2,3",,pink,"C8 2,3",315970.989999999990000,4880397.759999999800000
315947.28,4880379.13,C8,"2,3",,pink,"C8 2,3",315947.280000000030000,4880379.129999999900000
317501.45,4879272.49,C9,1,A1,orange,C9 1 A1,317501.450000000010000,4879272.490000000200000
317491.88,4879275.39,C9,1,A2,blue,C9 1 A2,317491.880000000000000,4879275.389999999700000
317482.31,4879278.29,C9,1,A3,blue,C9 1 A3,317482.310000000000000,4879278.290000000000000
317472.74,4879281.19,C9,1,A4,orange,C9 1 A4,317472.739999999990000,4879281.190000000400000
317498.55,4879262.92,C9,1,B1,blue,C9 1 B1,317498.549999999990000,4879262.919999999900000
317488.98,4879265.82,C9,1,B2,blue,C9 1 B2,317488.979999999980000,4879265.820000000300000
317479.41,4879268.72,C9,1,B3,blue,C9 1 B3,317479.409999999970000,4879268.719999999700000
317469.84,4879271.62,C9,1,B4,blue,C9 1 B4,317469.840000000030000,4879271.620000000100000
317495.66,4879253.35,C9,1,C1,blue,C9 1 C1,317495.659999999970000,4879253.349999999600000
317486.08,4879256.25,C9,1,C2,blue,C9 1 C2,317486.080000000020000,4879256.250000000000000
317476.51,4879259.15,C9,1,C3,blue,C9 1 C3,317476.510000000010000,4879259.150000000400000
317466.94,4879262.05,C9,1,C4,blue,C9 1 C4,317466.940000000000000,4879262.049999999800000
317492.76,4879243.78,C9,1,D1,orange,C9 1 D1,317492.760000000010000,4879243.780000000300000
317483.18,4879246.68,C9,1,D2,blue,C9 1 D2,317483.179999999990000,4879246.679999999700000
317473.61,4879249.58,C9,1,D3,blue,C9 1 D3,317473.609999999990000,4879249.580000000100000
317464.04,4879252.48,C9,1,D4,orange,C9 1 D4,317464.039999999980000,4879252.480000000400000
317513.92,4879279.16,C9,1,NE,pink,C9 1 NE,317513.919999999980000,4879279.160000000100000
317499.43,4879231.31,C9,1,SE,pink,C9 1 SE,317499.429999999990000,4879231.309999999600000
317453.6,4879286.99,C9,2,A1,orange,C9 2 A1,317453.599999999980000,4879286.990000000200000
317444.03,4879289.89,C9,2,A2,blue,C9 2 A2,317444.030000000030000,4879289.889999999700000
317434.46,4879292.79,C9,2,A3,blue,C9 2 A3,317434.460000000020000,4879292.790000000000000
317424.89,4879295.69,C9,2,A4,orange,C9 2 A4,317424.890000000010000,4879295.690000000400000
317450.7,4879277.42,C9,2,B1,blue,C9 2 B1,317450.700000000010000,4879277.419999999900000
317441.13,4879280.32,C9,2,B2,blue,C9 2 B2,317441.130000000000000,4879280.320000000300000
317431.56,4879283.22,C9,2,B3,blue,C9 2 B3,317431.560000000000000,4879283.219999999700000
317421.99,4879286.12,C9,2,B4,blue,C9 2 B4,317421.989999999990000,4879286.120000000100000
317447.8,4879267.85,C9,2,C1,blue,C9 2 C1,317447.799999999990000,4879267.849999999600000
317438.23,4879270.75,C9,2,C2,blue,C9 2 C2,317438.229999999980000,4879270.750000000000000
317428.66,4879273.65,C9,2,C3,blue,C9 2 C3,317428.659999999970000,4879273.650000000400000
317419.09,4879276.55,C9,2,C4,blue,C9 2 C4,317419.090000000030000,4879276.549999999800000
317444.9,4879258.28,C9,2,D1,orange,C9 2 D1,317444.900000000020000,4879258.280000000300000
317435.33,4879261.18,C9,2,D2,blue,C9 2 D2,317435.330000000020000,4879261.179999999700000
317425.76,4879264.08,C9,2,D3,blue,C9 2 D3,317425.760000000010000,4879264.080000000100000
317416.19,4879266.98,C9,2,D4,orange,C9 2 D4,317416.190000000000000,4879266.980000000400000
317403.72,4879260.3,C9,2,SW,pink,C9 2 SW,317403.719999999970000,4879260.299999999800000
317380.55,4879239.1,C9,3,A1,orange,C9 3 A1,317380.549999999990000,4879239.099999999600000
317370.98,4879242.0,C9,3,A2,blue,C9 1 A2,317370.979999999980000,4879242.000000000000000
317361.41,4879244.9,C9,3,A3,blue,C9 1 A3,317361.409999999970000,4879244.900000000400000
317351.84,4879247.8,C9,3,A4,orange,C9 3 A4,317351.840000000030000,4879247.799999999800000
317377.65,4879229.53,C9,3,B1,blue,C9 1 B1,317377.650000000020000,4879229.530000000300000
317368.08,4879232.43,C9,3,B2,blue,C9 1 B2,317368.080000000020000,4879232.429999999700000
317358.51,4879235.33,C9,3,B3,blue,C9 1 B3,317358.510000000010000,4879235.330000000100000
317348.94,4879238.23,C9,3,B4,blue,C9 1 B4,317348.940000000000000,4879238.230000000400000
317374.75,4879219.96,C9,3,C1,blue,C9 1 C1,317374.750000000000000,4879219.960000000000000
317365.18,4879222.86,C9,3,C2,blue,C9 1 C2,317365.179999999990000,4879222.860000000300000
317355.61,4879225.76,C9,3,C3,blue,C9 1 C3,317355.609999999990000,4879225.759999999800000
317346.04,4879228.66,C9,3,C4,blue,C9 1 C4,317346.039999999980000,4879228.660000000100000
317371.85,4879210.39,C9,3,D1,orange,C9 3 D1,317371.849999999980000,4879210.389999999700000
317362.28,4879213.29,C9,3,D2,blue,C9 1 D2,317362.280000000030000,4879213.290000000000000
317352.71,4879216.19,C9,3,D3,blue,C9 1 D3,317352.710000000020000,4879216.190000000400000
317343.14,4879219.09,C9,3,D4,orange,C9 3 D4,317343.140000000010000,4879219.089999999900000
317393.02,4879245.77,C9,3,NE,pink,C9 3 NE,317393.020000000020000,4879245.769999999600000
317345.17,4879260.27,C9,3,NW,pink,C9 3 NW,317345.169999999980000,4879260.269999999600000
317378.52,4879197.92,C9,3,SE,pink,C9 3 SE,317378.520000000020000,4879197.919999999900000
317330.67,4879212.41,C9,3,SW,pink,C9 3 SW,317330.669999999980000,4879212.410000000100000
317378.96,4879320.78,C9,4,A1,orange,C9 4 A1,317378.960000000020000,4879320.780000000300000
317373.69,4879312.28,C9,4,A2,blue,C9 4 A2,317373.690000000000000,4879312.280000000300000
317368.41,4879303.79,C9,4,A3,blue,C9 4 A3,317368.409999999970000,4879303.790000000000000
317363.13,4879295.29,C9,4,A4,orange,C9 4 A4,317363.130000000000000,4879295.290000000000000
317387.46,4879315.5,C9,4,B1,blue,C9 4 B1,317387.460000000020000,4879315.500000000000000
317382.18,4879307.0,C9,4,B2,blue,C9 4 B2,317382.179999999990000,4879307.000000000000000
317376.9,4879298.51,C9,4,B3,blue,C9 4 B3,317376.900000000020000,4879298.509999999800000
317371.62,4879290.02,C9,4,B4,blue,C9 4 B4,317371.620000000000000,4879290.019999999600000
317395.95,4879310.22,C9,4,C1,blue,C9 4 C1,317395.950000000010000,4879310.219999999700000
317390.67,4879301.73,C9,4,C2,blue,C9 4 C2,317390.669999999980000,4879301.730000000400000
317385.4,4879293.23,C9,4,C3,blue,C9 4 C3,317385.400000000020000,4879293.230000000400000
317380.12,4879284.74,C9,4,C4,blue,C9 4 C4,317380.120000000000000,4879284.740000000200000
317404.45,4879304.94,C9,4,D1,orange,C9 4 D1,317404.450000000010000,4879304.940000000400000
317399.17,4879296.45,C9,4,D2,blue,C9 4 D2,317399.169999999980000,4879296.450000000200000
317393.89,4879287.95,C9,4,D3,blue,C9 4 D3,317393.890000000010000,4879287.950000000200000
317388.61,4879279.46,C9,4,D4,orange,C9 4 D4,317388.609999999990000,4879279.460000000000000
317375.75,4879334.55,C9,4,NW,pink,C9 4 NW,317375.750000000000000,4879334.549999999800000
317391.83,4879265.69,C9,4,SE,pink,C9 4 SE,317391.830000000020000,4879265.690000000400000
317349.36,4879292.08,C9,4,SW,pink,C9 4 SW,317349.359999999990000,4879292.080000000100000
317451.57,4879245.81,C9,"1,2",,pink,"C9 1,2",317451.570000000010000,4879245.809999999600000
317466.07,4879293.66,C9,"1,2",,pink,"C9 1,2",317466.070000000010000,4879293.660000000100000
317418.22,4879308.16,C9,"2,4",,pink,"C9 2,4",317418.219999999970000,4879308.160000000100000
281479.65,4870171.16,HBCa,1,A1,orange,C9 4 A1,281479.650000000020000,4870171.160000000100000
281488.15,4870165.88,HBCa,1,A2,blue,C9 4 B1,281488.150000000020000,4870165.879999999900000
281496.64,4870160.6,HBCa,1,A3,blue,C9 4 C1,281496.640000000010000,4870160.599999999600000
281505.14,4870155.32,HBCa,1,A4,orange,C9 4 D1,281505.140000000010000,4870155.320000000300000
281474.37,4870162.66,HBCa,1,B1,blue,C9 4 A2,281474.370000000000000,4870162.660000000100000
281482.87,4870157.38,HBCa,1,B2,blue,C9 4 B2,281482.870000000000000,4870157.379999999900000
281491.36,4870152.1,HBCa,1,B3,blue,C9 4 C2,281491.359999999990000,4870152.099999999600000
281499.86,4870146.83,HBCa,1,B4,blue,C9 4 D2,281499.859999999990000,4870146.830000000100000
281469.09,4870154.17,HBCa,1,C1,blue,C9 4 A3,281469.090000000030000,4870154.169999999900000
281477.59,4870148.89,HBCa,1,C2,blue,C9 4 B3,281477.590000000030000,4870148.889999999700000
281486.09,4870143.61,HBCa,1,C3,blue,C9 4 C3,281486.090000000030000,4870143.610000000300000
281494.58,4870138.33,HBCa,1,C4,blue,C9 4 D3,281494.580000000020000,4870138.330000000100000
281463.82,4870145.67,HBCa,1,D1,orange,C9 4 A4,281463.820000000010000,4870145.669999999900000
281472.31,4870140.39,HBCa,1,D2,blue,C9 4 B4,281472.310000000000000,4870140.389999999700000
281480.81,4870135.11,HBCa,1,D3,blue,C9 4 C4,281480.810000000000000,4870135.110000000300000
281489.3,4870129.83,HBCa,1,D4,orange,C9 4 D4,281489.299999999990000,4870129.830000000100000
281518.91,4870158.54,HBCa,1,NE,pink,"C9 2,4",281518.909999999970000,4870158.540000000000000
281476.43,4870184.93,HBCa,1,NW,pink,C9 4 NW,281476.429999999990000,4870184.929999999700000
281492.52,4870116.06,HBCa,1,SE,pink,C9 4 SE,281492.520000000020000,4870116.059999999600000
281450.04,4870142.45,HBCa,1,SW,pink,C9 4 SW,281450.039999999980000,4870142.450000000200000
281717.1,4870396.77,HBCa,2,A1,orange,HBCa 2 A1,281717.099999999980000,4870396.769999999600000
281723.94,4870389.47,HBCa,2,A2,blue,HBCa 2 A2,281723.940000000000000,4870389.469999999700000
281730.78,4870382.17,HBCa,2,A3,blue,HBCa 2 A3,281730.780000000030000,4870382.169999999900000
281737.62,4870374.88,HBCa,2,A4,orange,HBCa 2 A4,281737.620000000000000,4870374.879999999900000
281709.81,4870389.92,HBCa,2,B1,blue,HBCa 2 B1,281709.810000000000000,4870389.919999999900000
281716.65,4870382.62,HBCa,2,B2,blue,HBCa 2 B2,281716.650000000020000,4870382.620000000100000
281702.51,4870383.08,HBCa,2,C1,blue,HBCa 2 C1,281702.510000000010000,4870383.080000000100000
281723.49,4870375.32,HBCa,2,C2,blue,HBCa 2 C2,281723.489999999990000,4870375.320000000300000
281709.35,4870375.78,HBCa,2,C2,blue,HBCa 2 C2,281709.349999999980000,4870375.780000000300000
281716.19,4870368.48,HBCa,2,C3,blue,HBCa 2 C3,281716.190000000000000,4870368.480000000400000
281695.21,4870376.24,HBCa,2,D1,orange,HBCa 2 D1,281695.210000000020000,4870376.240000000200000
281702.05,4870368.94,HBCa,2,D2,blue,HBCa 2 D2,281702.049999999990000,4870368.940000000400000
281730.33,4870368.03,HBCa,2,D2,blue,HBCa 2 D2,281730.330000000020000,4870368.030000000300000
281708.89,4870361.64,HBCa,2,D3,blue,HBCa 2 D3,281708.890000000010000,4870361.639999999700000
281723.03,4870361.19,HBCa,2,D3,blue,HBCa 2 D3,281723.030000000030000,4870361.190000000400000
281715.73,4870354.35,HBCa,2,D4,orange,HBCa 2 D4,281715.729999999980000,4870354.349999999600000
281751.76,4870374.41,HBCa,2,E,pink,HBCa 2 E,281751.760000000010000,4870374.410000000100000
281717.56,4870410.9,HBCa,2,N,pink,HBCa 2 N,281717.560000000000000,4870410.900000000400000
281715.27,4870340.21,HBCa,2,S,pink,HBCa 2 S,281715.270000000020000,4870340.210000000000000
281681.07,4870376.7,HBCa,2,W,pink,HBCa 2 W,281681.070000000010000,4870376.700000000200000
280201.08,4868523.29,HBM,1,A1,orange,HBM 1 A1,280201.080000000020000,4868523.290000000000000
280188.73,4868539.02,HBM,1,A3,orange,HBM 1 A3,280188.729999999980000,4868539.019999999600000
280216.81,4868535.65,HBM,1,C1,orange,HBM 1 C1,280216.810000000000000,4868535.650000000400000
280204.46,4868551.38,HBM,1,C3,orange,HBM 1 C3,280204.460000000020000,4868551.379999999900000
280205.3,4868558.4,HBM,1,,pink,HBM 1,280205.299999999990000,4868558.400000000400000
280194.9,4868531.15,HBM,1,,blue,,280194.900000000020000,4868531.150000000400000
280181.7,4868539.86,HBM,1,,pink,HBM 1,280181.700000000010000,4868539.860000000300000
280223.84,4868534.8,HBM,1,,pink,HBM 1,280223.840000000030000,4868534.799999999800000
280196.59,4868545.2,HBM,1,,blue,,280196.590000000030000,4868545.200000000200000
280200.24,4868516.27,HBM,1,,pink,HBM 1,280200.239999999990000,4868516.269999999600000
280202.77,4868537.33,HBM,1,,blue,,280202.770000000020000,4868537.330000000100000
280210.64,4868543.51,HBM,1,,blue,,280210.640000000010000,4868543.509999999800000
280208.95,4868529.47,HBM,1,,blue,,280208.950000000010000,4868529.469999999700000
280249.07,4868446.53,HBM,2,A1,orange,HBM 2 A1,280249.070000000010000,4868446.530000000300000
280239.64,4868464.17,HBM,2,A3,orange,HBM 2 A3,280239.640000000010000,4868464.169999999900000
280266.71,4868455.97,HBM,2,C1,orange,HBM 2 C1,280266.710000000020000,4868455.969999999700000
280257.28,4868473.61,HBM,2,C3,orange,HBM 2 C3,280257.280000000030000,4868473.610000000300000
280232.87,4868466.22,HBM,2,,pink,HBM 2,280232.870000000000000,4868466.219999999700000
280244.36,4868455.35,HBM,2,,blue,,280244.359999999990000,4868455.349999999600000
280273.48,4868453.92,HBM,2,,pink,HBM 2,280273.479999999980000,4868453.919999999900000
280248.46,4868468.89,HBM,2,,blue,,280248.460000000020000,4868468.889999999700000
280247.02,4868439.76,HBM,2,,pink,HBM 2,280247.020000000020000,4868439.759999999800000
280253.17,4868460.07,HBM,2,,blue,,280253.169999999980000,4868460.070000000300000
280261.99,4868464.79,HBM,2,,blue,,280261.989999999990000,4868464.790000000000000
280257.9,4868451.25,HBM,2,,blue,,280257.900000000020000,4868451.250000000000000
280259.32,4868480.37,HBM,2,,pink,HBM 2,280259.320000000010000,4868480.370000000100000
280310.43,4868442.74,HBM,3,A1,orange,HBM 3 A1,280310.429999999990000,4868442.740000000200000
280294.43,4868454.73,HBM,3,A3,orange,HBM 3 A3,280294.429999999990000,4868454.730000000400000
280322.43,4868458.74,HBM,3,C1,orange,HBM 3 C1,280322.429999999990000,4868458.740000000200000
280306.42,4868470.74,HBM,3,C3,orange,HBM 3 C3,280306.419999999980000,4868470.740000000200000
280314.43,4868464.74,HBM,3,,blue,,280314.429999999990000,4868464.740000000200000
280287.42,4868453.73,HBM,3,,pink,HBM 3,280287.419999999980000,4868453.730000000400000
280305.42,4868477.74,HBM,3,,pink,HBM 3,280305.419999999980000,4868477.740000000200000
280316.43,4868450.74,HBM,3,,blue,,280316.429999999990000,4868450.740000000200000
280308.43,4868456.74,HBM,3,,blue,,280308.429999999990000,4868456.740000000200000
280300.42,4868462.74,HBM,3,,blue,,280300.419999999980000,4868462.740000000200000
280329.43,4868459.75,HBM,3,,pink,HBM 3,280329.429999999990000,4868459.750000000000000
280302.43,4868448.74,HBM,3,,blue,,280302.429999999990000,4868448.740000000200000
280311.44,4868435.73,HBM,3,,pink,HBM 3,280311.440000000000000,4868435.730000000400000
280203.93,4868573.8,HBM,4,A1,orange,HBM 4 A1,280203.929999999990000,4868573.799999999800000
280191.57,4868589.53,HBM,4,A3,orange,HBM 4 A3,280191.570000000010000,4868589.530000000300000
280219.66,4868586.16,HBM,4,C1,orange,HBM 4 C1,280219.659999999970000,4868586.160000000100000
280207.3,4868601.89,HBM,4,C3,orange,HBM 4 C3,280207.299999999990000,4868601.889999999700000
280226.68,4868585.31,HBM,4,,pink,HBM 4,280226.679999999990000,4868585.309999999600000
280184.55,4868590.38,HBM,4,,pink,HBM 4,280184.549999999990000,4868590.379999999900000
280208.14,4868608.91,HBM,4,,pink,HBM 4,280208.140000000010000,4868608.910000000100000
280213.48,4868594.02,HBM,4,,blue,,280213.479999999980000,4868594.019999999600000
280197.75,4868581.67,HBM,4,,blue,,280197.750000000000000,4868581.669999999900000
280203.08,4868566.78,HBM,4,,pink,HBM 4,280203.080000000020000,4868566.780000000300000
280199.44,4868595.71,HBM,4,,blue,,280199.440000000000000,4868595.710000000000000
280211.79,4868579.98,HBM,4,,blue,,280211.789999999980000,4868579.980000000400000
280205.61,4868587.85,HBM,4,,blue,,280205.609999999990000,4868587.849999999600000
280096.15,4868547.55,HBO,0,,pink,HBO 0,280096.150000000020000,4868547.549999999800000
280168.29,4868537.67,HBO,0,,pink,HBO 0,280168.289999999980000,4868537.669999999900000
280082.02,4868505.11,HBO,1,A1,orange,HBO 1 A1,280082.020000000020000,4868505.110000000300000
280077.76,4868534.81,HBO,1,A4,orange,HBO 1 A4,280077.760000000010000,4868534.809999999600000
280111.72,4868509.36,HBO,1,D1,orange,HBO 1 D1,280111.719999999970000,4868509.360000000300000
280107.46,4868539.06,HBO,1,D4,orange,HBO 1 D4,280107.460000000020000,4868539.059999999600000
280073.53,4868493.79,HBO,1,,pink,HBO 1,280073.530000000030000,4868493.790000000000000
280123.04,4868500.88,HBO,1,,pink,HBO 1,280123.039999999980000,4868500.879999999900000
280115.95,4868550.38,HBO,1,,pink,HBO 1,280115.950000000010000,4868550.379999999900000
280066.44,4868543.29,HBO,1,,pink,HBO 1,280066.440000000000000,4868543.290000000000000
280080.6,4868515.01,HBO,1,,blue,,280080.599999999980000,4868515.009999999800000
280079.18,4868524.91,HBO,1,,blue,,280079.179999999990000,4868524.910000000100000
280091.92,4868506.52,HBO,1,,blue,,280091.919999999980000,4868506.519999999600000
280090.5,4868516.43,HBO,1,,blue,,280090.500000000000000,4868516.429999999700000
280089.08,4868526.33,HBO,1,,blue,,280089.080000000020000,4868526.330000000100000
280087.66,4868536.23,HBO,1,,blue,,280087.659999999970000,4868536.230000000400000
280101.82,4868507.94,HBO,1,,blue,,280101.820000000010000,4868507.940000000400000
280100.4,4868517.84,HBO,1,,blue,,280100.400000000020000,4868517.839999999900000
280098.98,4868527.74,HBO,1,,blue,,280098.979999999980000,4868527.740000000200000
280097.56,4868537.64,HBO,1,,blue,,280097.560000000000000,4868537.639999999700000
280110.3,4868519.26,HBO,1,,blue,,280110.299999999990000,4868519.259999999800000
280108.88,4868529.16,HBO,1,,blue,,280108.880000000000000,4868529.160000000100000
280134.36,4868492.39,HBO,2,A1,orange,HBO 2 A1,280134.359999999990000,4868492.389999999700000
280130.1,4868522.1,HBO,2,A4,orange,HBO 2 A4,280130.099999999980000,4868522.099999999600000
280164.06,4868496.65,HBO,2,D1,orange,HBO 2 D1,280164.060000000000000,4868496.650000000400000
280159.81,4868526.35,HBO,2,D4,orange,HBO 2 D4,280159.810000000000000,4868526.349999999600000
280118.78,4868530.58,HBO,2,,pink,HBO 2,280118.780000000030000,4868530.580000000100000
280125.88,4868481.07,HBO,2,,pink,HBO 2,280125.880000000000000,4868481.070000000300000
280132.94,4868502.29,HBO,2,,blue,,280132.940000000000000,4868502.290000000000000
280131.52,4868512.2,HBO,2,,blue,,280131.520000000020000,4868512.200000000200000
280144.26,4868493.81,HBO,2,,blue,,280144.260000000010000,4868493.809999999600000
280142.84,4868503.71,HBO,2,,blue,,280142.840000000030000,4868503.710000000000000
280141.42,4868513.61,HBO,2,,blue,,280141.419999999980000,4868513.610000000300000
280140.01,4868523.51,HBO,2,,blue,,280140.010000000010000,4868523.509999999800000
280154.16,4868495.23,HBO,2,,blue,,280154.159999999970000,4868495.230000000400000
280152.74,4868505.13,HBO,2,,blue,,280152.739999999990000,4868505.129999999900000
280151.32,4868515.03,HBO,2,,blue,,280151.320000000010000,4868515.030000000300000
280149.91,4868524.93,HBO,2,,blue,,280149.909999999970000,4868524.929999999700000
280162.64,4868506.55,HBO,2,,blue,,280162.640000000010000,4868506.549999999800000
280161.22,4868516.45,HBO,2,,blue,,280161.219999999970000,4868516.450000000200000
280171.15,4868447.14,HBO,3,A1,orange,HBO 3 A1,280171.150000000020000,4868447.139999999700000
280166.9,4868476.84,HBO,3,A4,orange,HBO 3 A4,280166.900000000020000,4868476.839999999900000
280200.85,4868451.39,HBO,3,D1,orange,HBO 3 D1,280200.849999999980000,4868451.389999999700000
280196.6,4868481.1,HBO,3,D4,orange,HBO 3 D4,280196.599999999980000,4868481.099999999600000
280175.38,4868488.16,HBO,3,,pink,HBO 3,280175.380000000000000,4868488.160000000100000
280162.67,4868435.82,HBO,3,,pink,HBO 3,280162.669999999980000,4868435.820000000300000
280155.58,4868485.33,HBO,3,,pink,HBO 3,280155.580000000020000,4868485.330000000100000
280212.17,4868442.91,HBO,3,,pink,HBO 3,280212.169999999980000,4868442.910000000100000
280205.08,4868492.42,HBO,3,,pink,HBO 3,280205.080000000020000,4868492.419999999900000
280169.73,4868457.04,HBO,3,,blue,,280169.729999999980000,4868457.040000000000000
280168.31,4868466.94,HBO,3,,blue,,280168.310000000000000,4868466.940000000400000
280181.05,4868448.56,HBO,3,,blue,,280181.049999999990000,4868448.559999999600000
280179.63,4868458.46,HBO,3,,blue,,280179.630000000000000,4868458.460000000000000
280178.22,4868468.36,HBO,3,,blue,,280178.219999999970000,4868468.360000000300000
280176.8,4868478.26,HBO,3,,blue,,280176.799999999990000,4868478.259999999800000
280190.95,4868449.97,HBO,3,,blue,,280190.950000000010000,4868449.969999999700000
280189.53,4868459.88,HBO,3,,blue,,280189.530000000030000,4868459.879999999900000
280188.12,4868469.78,HBO,3,,blue,,280188.120000000000000,4868469.780000000300000
280186.7,4868479.68,HBO,3,,blue,,280186.700000000010000,4868479.679999999700000
280199.43,4868461.29,HBO,3,,blue,,280199.429999999990000,4868461.290000000000000
280198.02,4868471.2,HBO,3,,blue,,280198.020000000020000,4868471.200000000200000
280127.27,4868541.9,HBO,4,A1,orange,HBO 4 A1,280127.270000000020000,4868541.900000000400000
280123.01,4868571.6,HBO,4,A4,blue,,280123.010000000010000,4868571.599999999600000
280156.97,4868546.15,HBO,4,D1,orange,HBO 4 D1,280156.969999999970000,4868546.150000000400000
280154.14,4868565.95,HBO,4,D3,orange,HBO 4 D3,280154.140000000010000,4868565.950000000200000
280104.63,4868558.87,HBO,4,Y3,orange,HBO 4 Y3,280104.630000000000000,4868558.870000000100000
280103.21,4868568.77,HBO,4,Y4,orange,HBO 4 Y4,280103.210000000020000,4868568.769999999600000
280114.53,4868560.28,HBO,4,Z3,blue,,280114.530000000030000,4868560.280000000300000
280113.11,4868570.19,HBO,4,Z4,blue,,280113.109999999990000,4868570.190000000400000
280091.89,4868577.25,HBO,4,,pink,HBO 4,280091.890000000010000,4868577.250000000000000
280141.4,4868584.34,HBO,4,,pink,HBO 4,280141.400000000020000,4868584.339999999900000
280162.62,4868577.27,HBO,4,,pink,HBO 4,280162.620000000000000,4868577.269999999600000
280132.92,4868573.02,HBO,4,,orange,HBO 4,280132.919999999980000,4868573.019999999600000
280142.82,4868574.44,HBO,4,,pink,HBO 4,280142.820000000010000,4868574.440000000400000
280125.85,4868551.8,HBO,4,,blue,,280125.849999999980000,4868551.799999999800000
280124.43,4868561.7,HBO,4,,blue,,280124.429999999990000,4868561.700000000200000
280137.17,4868543.32,HBO,4,,blue,,280137.169999999980000,4868543.320000000300000
280135.75,4868553.22,HBO,4,,blue,,280135.750000000000000,4868553.219999999700000
280134.33,4868563.12,HBO,4,,blue,,280134.330000000020000,4868563.120000000100000
280144.24,4868564.54,HBO,4,,blue,,280144.239999999990000,4868564.540000000000000
280147.07,4868544.73,HBO,4,,blue,,280147.070000000010000,4868544.730000000400000
280145.65,4868554.64,HBO,4,,blue,,280145.650000000020000,4868554.639999999700000
280155.55,4868556.05,HBO,4,,blue,,280155.549999999990000,4868556.049999999800000
268460.91,4880044.77,JBM,1,A1,orange,JBM 1 A1,268460.909999999970000,4880044.769999999600000
268508.24,4880039.07,JBM,2,A1,orange,JBM 1 A1,268508.239999999990000,4880039.070000000300000
268454.23,4880037.32,JBM,1,A2,blue,,268454.229999999980000,4880037.320000000300000
268501.57,4880031.62,JBM,2,A2,blue,,268501.570000000010000,4880031.620000000100000
268447.56,4880029.87,JBM,1,A3,orange,JBM 1 A3,268447.560000000000000,4880029.870000000100000
268494.9,4880024.16,JBM,2,A3,orange,JBM 1 A3,268494.900000000020000,4880024.160000000100000
268468.36,4880038.09,JBM,1,B1,blue,,268468.359999999990000,4880038.089999999900000
268515.69,4880032.39,JBM,2,B1,blue,,268515.690000000000000,4880032.389999999700000
268461.68,4880030.64,JBM,1,B2,blue,,268461.679999999990000,4880030.639999999700000
268509.02,4880024.94,JBM,2,B2,blue,,268509.020000000020000,4880024.940000000400000
268455.01,4880023.19,JBM,1,B3,blue,,268455.010000000010000,4880023.190000000400000
268502.35,4880017.49,JBM,2,B3,blue,,268502.349999999980000,4880017.490000000200000
268475.81,4880031.42,JBM,1,C1,orange,JBM 1 C1,268475.810000000000000,4880031.419999999900000
268523.15,4880025.72,JBM,2,C1,orange,JBM 1 C1,268523.150000000020000,4880025.719999999700000
268469.13,4880023.97,JBM,1,C2,blue,,268469.130000000000000,4880023.969999999700000
268516.47,4880018.27,JBM,2,C2,blue,,268516.469999999970000,4880018.269999999600000
268462.46,4880016.52,JBM,1,C3,orange,JBM 1 C3,268462.460000000020000,4880016.519999999600000
268509.8,4880010.82,JBM,2,C3,orange,JBM 1 C3,268509.799999999990000,4880010.820000000300000
268482.21,4880031.62,JBM,1,NE,pink,JBM 1 NE,268482.210000000020000,4880031.620000000100000
268529.55,4880025.92,JBM,1,NE,pink,JBM 1 NE,268529.549999999990000,4880025.919999999900000
268460.52,4880051.83,JBM,1,NW,pink,JBM 1 NW,268460.520000000020000,4880051.830000000100000
268507.86,4880046.13,JBM,1,NW,pink,JBM 1 NW,268507.859999999990000,4880046.129999999900000
268462.85,4880009.46,JBM,1,SE,pink,JBM 1 SE,268462.849999999980000,4880009.460000000000000
268510.18,4880003.75,JBM,1,SE,pink,JBM 1 SE,268510.179999999990000,4880003.750000000000000
268440.5,4880029.48,JBM,1,SW,pink,JBM 1 SW,268440.500000000000000,4880029.480000000400000
268487.83,4880023.78,JBM,1,SW,pink,JBM 1 SW,268487.830000000020000,4880023.780000000300000
268508.22,4880078.51,JBM,3,A1,orange,JBM 3 A1,268508.219999999970000,4880078.509999999800000
268504.5,4880069.22,JBM,3,A2,blue,,268504.500000000000000,4880069.219999999700000
268500.78,4880059.94,JBM,3,A3,orange,JBM 3 A3,268500.780000000030000,4880059.940000000400000
268517.51,4880074.78,JBM,3,B1,blue,,268517.510000000010000,4880074.780000000300000
268513.79,4880065.5,JBM,3,B2,blue,,268513.789999999980000,4880065.500000000000000
268510.06,4880056.21,JBM,3,B3,blue,,268510.060000000000000,4880056.210000000000000
268526.79,4880071.06,JBM,3,C1,orange,JBM 3 C1,268526.789999999980000,4880071.059999999600000
268523.07,4880061.78,JBM,3,C2,blue,,268523.070000000010000,4880061.780000000300000
268519.35,4880052.49,JBM,3,C3,orange,JBM 3 C3,268519.349999999980000,4880052.490000000200000
268533.3,4880073.84,JBM,3,NE,pink,JBM 3 NE,268533.299999999990000,4880073.839999999900000
268505.44,4880085.01,JBM,3,NW,pink,JBM 3 NW,268505.440000000000000,4880085.009999999800000
268522.13,4880045.99,JBM,3,SE,pink,JBM 3 SE,268522.130000000000000,4880045.990000000200000
268494.27,4880057.16,JBM,3,SW,pink,JBM 3 SW,268494.270000000020000,4880057.160000000100000
268485.93,4880119.14,JBM,4,A1,orange,JBM 4 A1,268485.929999999990000,4880119.139999999700000
268479.93,4880111.14,JBM,4,A2,blue,,268479.929999999990000,4880111.139999999700000
268473.93,4880103.14,JBM,4,A3,orange,JBM 4 A3,268473.929999999990000,4880103.139999999700000
268493.93,4880113.14,JBM,4,B1,blue,,268493.929999999990000,4880113.139999999700000
268487.93,4880105.14,JBM,4,B2,blue,,268487.929999999990000,4880105.139999999700000
268481.93,4880097.14,JBM,4,B3,blue,,268481.929999999990000,4880097.139999999700000
268501.94,4880107.14,JBM,4,C1,orange,JBM 4 C1,268501.940000000000000,4880107.139999999700000
268495.94,4880099.14,JBM,4,C2,blue,,268495.940000000000000,4880099.139999999700000
268489.94,4880091.14,JBM,4,C3,orange,JBM 4 C3,268489.940000000000000,4880091.139999999700000
268508.94,4880108.15,JBM,4,NE,pink,JBM 4 NE,268508.940000000000000,4880108.150000000400000
268484.93,4880126.14,JBM,4,NW,pink,JBM 4 NW,268484.929999999990000,4880126.139999999700000
268490.94,4880084.13,JBM,4,SE,pink,JBM 4 SE,268490.940000000000000,4880084.129999999900000
268466.93,4880102.13,JBM,4,SW,pink,JBM 4 SW,268466.929999999990000,4880102.129999999900000
268457.74,4880076.31,JBM,5,A1,orange,JBM 5 A1,268457.739999999990000,4880076.309999999600000
268457.41,4880066.31,JBM,5,A2,blue,,268457.409999999970000,4880066.309999999600000
268457.09,4880056.31,JBM,5,A3,orange,JBM 5 A3,268457.090000000030000,4880056.309999999600000
268467.74,4880075.98,JBM,5,B1,blue,,268467.739999999990000,4880075.980000000400000
268467.41,4880065.99,JBM,5,B2,blue,,268467.409999999970000,4880065.990000000200000
268467.09,4880055.99,JBM,5,B3,blue,,268467.090000000030000,4880055.990000000200000
268477.73,4880075.66,JBM,5,C1,orange,JBM 5 C1,268477.729999999980000,4880075.660000000100000
268477.41,4880065.66,JBM,5,C2,blue,,268477.409999999970000,4880065.660000000100000
268477.09,4880055.66,JBM,5,C3,orange,JBM 5 C3,268477.090000000030000,4880055.660000000100000
268482.54,4880079.97,JBM,5,NE,pink,JBM 5 NE,268482.539999999980000,4880079.969999999700000
268453.23,4880080.94,JBM,5,NW,pink,JBM 5 NW,268453.229999999980000,4880080.940000000400000
268481.59,4880051.03,JBM,5,SE,pink,JBM 5 SE,268481.590000000030000,4880051.030000000300000
268452.3,4880052.0,JBM,5,SW,pink,JBM 5 SW,268452.299999999990000,4880052.000000000000000
268416.16,4879952.52,JBO,1,A1,orange,JBO 1 A1,268416.159999999970000,4879952.519999999600000
268414.11,4879942.73,JBO,1,A2,blue,,268414.109999999990000,4879942.730000000400000
268412.05,4879932.94,JBO,1,A3,blue,,268412.049999999990000,4879932.940000000400000
268410.0,4879923.15,JBO,1,A4,orange,JBO 1 A4,268410.000000000000000,4879923.150000000400000
268425.95,4879950.47,JBO,1,B1,blue,,268425.950000000010000,4879950.469999999700000
268423.9,4879940.68,JBO,1,B2,blue,,268423.900000000020000,4879940.679999999700000
268421.84,4879930.89,JBO,1,B3,blue,,268421.840000000030000,4879930.889999999700000
268419.79,4879921.1,JBO,1,B4,blue,,268419.789999999980000,4879921.099999999600000
268435.74,4879948.41,JBO,1,C1,blue,,268435.739999999990000,4879948.410000000100000
268433.69,4879938.62,JBO,1,C2,blue,,268433.690000000000000,4879938.620000000100000
268431.63,4879928.83,JBO,1,C3,blue,,268431.630000000000000,4879928.830000000100000
268429.58,4879919.04,JBO,1,C4,blue,,268429.580000000020000,4879919.040000000000000
268445.53,4879946.36,JBO,1,D1,orange,JBO 1 D1,268445.530000000030000,4879946.360000000300000
268443.48,4879936.57,JBO,1,D2,blue,,268443.479999999980000,4879936.570000000300000
268441.42,4879926.78,JBO,1,D3,blue,,268441.419999999980000,4879926.780000000300000
268439.37,4879916.99,JBO,1,D4,orange,JBO 1 D4,268439.370000000000000,4879916.990000000200000
268457.38,4879954.09,JBO,1,NE,pink,JBO 1 NE,268457.380000000000000,4879954.089999999900000
268447.1,4879905.14,JBO,1,NW,pink,JBO 1 NW,268447.099999999980000,4879905.139999999700000
268408.43,4879964.37,JBO,1,SE,pink,JBO 1 SE,268408.429999999990000,4879964.370000000100000
268398.15,4879915.42,JBO,1,SW,pink,JBO 1 SW,268398.150000000020000,4879915.419999999900000
268464.66,4879903.39,JBO,2,A1,orange,JBO 2 A1,268464.659999999970000,4879903.389999999700000
268461.76,4879893.81,JBO,2,A2,blue,C9 1 B4,268461.760000000010000,4879893.809999999600000
268458.86,4879884.24,JBO,2,A3,blue,C9 1 C4,268458.859999999990000,4879884.240000000200000
268455.96,4879874.67,JBO,2,A4,orange,JBO 2 A4,268455.960000000020000,4879874.669999999900000
268474.23,4879900.48,JBO,2,B1,blue,C9 1 A3,268474.229999999980000,4879900.480000000400000
268471.33,4879890.91,JBO,2,B2,blue,C9 1 B3,268471.330000000020000,4879890.910000000100000
268468.43,4879881.34,JBO,2,B3,blue,C9 1 C3,268468.429999999990000,4879881.339999999900000
268465.53,4879871.77,JBO,2,B4,blue,C9 1 D3,268465.530000000030000,4879871.769999999600000
268483.81,4879897.58,JBO,2,C1,blue,C9 1 A2,268483.810000000000000,4879897.580000000100000
268480.91,4879888.01,JBO,2,C2,blue,C9 1 B2,268480.909999999970000,4879888.009999999800000
268478.01,4879878.44,JBO,2,C3,blue,C9 1 C2,268478.010000000010000,4879878.440000000400000
268475.11,4879868.87,JBO,2,C4,blue,C9 1 D2,268475.109999999990000,4879868.870000000100000
268493.38,4879894.68,JBO,2,D1,orange,JBO 2 D1,268493.380000000000000,4879894.679999999700000
268490.48,4879885.11,JBO,2,D2,blue,C9 1 B1,268490.479999999980000,4879885.110000000300000
268487.58,4879875.54,JBO,2,D3,blue,C9 1 C1,268487.580000000020000,4879875.540000000000000
268484.68,4879865.97,JBO,2,D4,orange,JBO 2 D4,268484.679999999990000,4879865.969999999700000
268491.35,4879853.49,JBO,2,SE,pink,JBO 2 SE,268491.349999999980000,4879853.490000000200000
268443.49,4879867.99,JBO,2,SW,pink,JBO 2 SW,268443.489999999990000,4879867.990000000200000
268404.41,4879896.49,JBO,3,A1,orange,JBO 3 A1,268404.409999999970000,4879896.490000000200000
268402.36,4879886.7,JBO,3,A2,blue,,268402.359999999990000,4879886.700000000200000
268400.3,4879876.91,JBO,3,A3,blue,,268400.299999999990000,4879876.910000000100000
268398.25,4879867.12,JBO,3,A4,orange,JBO 3 A4,268398.250000000000000,4879867.120000000100000
268414.2,4879894.43,JBO,3,B1,blue,,268414.200000000010000,4879894.429999999700000
268412.15,4879884.64,JBO,3,B2,blue,,268412.150000000020000,4879884.639999999700000
268410.09,4879874.85,JBO,3,B3,blue,,268410.090000000030000,4879874.849999999600000
268408.04,4879865.06,JBO,3,B4,blue,,268408.039999999980000,4879865.059999999600000
268423.99,4879892.38,JBO,3,C1,blue,,268423.989999999990000,4879892.379999999900000
268421.94,4879882.59,JBO,3,C2,blue,,268421.940000000000000,4879882.589999999900000
268419.88,4879872.8,JBO,3,C3,blue,,268419.880000000000000,4879872.799999999800000
268417.83,4879863.01,JBO,3,C4,blue,,268417.830000000020000,4879863.009999999800000
268433.78,4879890.32,JBO,3,D1,orange,JBO 3 D1,268433.780000000030000,4879890.320000000300000
268431.73,4879880.53,JBO,3,D2,blue,,268431.729999999980000,4879880.530000000300000
268429.67,4879870.74,JBO,3,D3,blue,,268429.669999999980000,4879870.740000000200000
268427.62,4879860.95,JBO,3,D4,orange,JBO 3 D4,268427.620000000000000,4879860.950000000200000
268445.62,4879898.06,JBO,3,NE,pink,JBO 3 NE,268445.620000000000000,4879898.059999999600000
268435.35,4879849.11,JBO,3,NW,pink,JBO 3 NW,268435.349999999980000,4879849.110000000300000
268396.68,4879908.33,JBO,3,SE,pink,JBO 3 SE,268396.679999999990000,4879908.330000000100000
268386.4,4879859.38,JBO,3,SW,pink,JBO 3 SW,268386.400000000020000,4879859.379999999900000
268479.16,4879951.25,JBO,4,A1,orange,JBO 4 A1,268479.159999999970000,4879951.250000000000000
268476.26,4879941.68,JBO,4,A2,blue,C9 1 B4,268476.260000000010000,4879941.679999999700000
268473.36,4879932.1,JBO,4,A3,blue,C9 1 C4,268473.359999999990000,4879932.099999999600000
268470.46,4879922.53,JBO,4,A4,orange,JBO 4 A4,268470.460000000020000,4879922.530000000300000
268488.73,4879948.35,JBO,4,B1,blue,C9 1 A3,268488.729999999980000,4879948.349999999600000
268485.83,4879938.78,JBO,4,B2,blue,C9 1 B3,268485.830000000020000,4879938.780000000300000
268482.93,4879929.2,JBO,4,B3,blue,C9 1 C3,268482.929999999990000,4879929.200000000200000
268480.03,4879919.63,JBO,4,B4,blue,C9 1 D3,268480.030000000030000,4879919.629999999900000
268498.3,4879945.45,JBO,4,C1,blue,C9 1 A2,268498.299999999990000,4879945.450000000200000
268495.4,4879935.88,JBO,4,C2,blue,C9 1 B2,268495.400000000020000,4879935.879999999900000
268492.5,4879926.3,JBO,4,C3,blue,C9 1 C2,268492.500000000000000,4879926.299999999800000
268489.6,4879916.73,JBO,4,C4,blue,C9 1 D2,268489.599999999980000,4879916.730000000400000
268507.88,4879942.55,JBO,4,D1,orange,JBO 4 D1,268507.880000000000000,4879942.549999999800000
268504.98,4879932.98,JBO,4,D2,blue,C9 1 B1,268504.979999999980000,4879932.980000000400000
268502.08,4879923.4,JBO,4,D3,blue,C9 1 C1,268502.080000000020000,4879923.400000000400000
268499.18,4879913.83,JBO,4,D4,orange,JBO 4 D4,268499.179999999990000,4879913.830000000100000
268520.35,4879949.22,JBO,4,NE,pink,JBO 4 NE,268520.349999999980000,4879949.219999999700000
268472.49,4879963.72,JBO,4,NW,pink,JBO 4 NW,268472.489999999990000,4879963.719999999700000
268408.72,4879798.27,JBO,5,A1,orange,JBO 5 A1,268408.719999999970000,4879798.269999999600000
268408.4,4879788.28,JBO,5,A2,blue,,268408.400000000020000,4879788.280000000300000
268408.07,4879778.28,JBO,5,A3,blue,,268408.070000000010000,4879778.280000000300000
268407.75,4879768.28,JBO,5,A4,orange,JBO 5 A4,268407.750000000000000,4879768.280000000300000
268418.72,4879797.95,JBO,5,B1,blue,,268418.719999999970000,4879797.950000000200000
268418.4,4879787.95,JBO,5,B2,blue,,268418.400000000020000,4879787.950000000200000
268418.07,4879777.95,JBO,5,B3,blue,,268418.070000000010000,4879777.950000000200000
268417.75,4879767.96,JBO,5,B4,blue,,268417.750000000000000,4879767.960000000000000
268428.72,4879797.63,JBO,5,C1,blue,,268428.719999999970000,4879797.629999999900000
268428.39,4879787.63,JBO,5,C2,blue,,268428.390000000010000,4879787.629999999900000
268428.07,4879777.63,JBO,5,C3,blue,,268428.070000000010000,4879777.629999999900000
268427.75,4879767.63,JBO,5,C4,blue,,268427.750000000000000,4879767.629999999900000
268438.71,4879797.3,JBO,5,D1,orange,JBO 5 D1,268438.710000000020000,4879797.299999999800000
268438.39,4879787.3,JBO,5,D2,blue,,268438.390000000010000,4879787.299999999800000
268438.07,4879777.31,JBO,5,D3,blue,,268438.070000000010000,4879777.309999999600000
268437.74,4879767.31,JBO,5,D4,orange,JBO 5 D4,268437.739999999990000,4879767.309999999600000
268449.04,4879806.98,JBO,5,NE,pink,JBO 5 NE,268449.039999999980000,4879806.980000000400000
268399.05,4879808.59,JBO,5,NW,pink,JBO 5 NW,268399.049999999990000,4879808.589999999900000
268447.42,4879756.99,JBO,5,SE,pink,JBO 5 SE,268447.419999999980000,4879756.990000000200000
268397.43,4879758.61,JBO,5,SW,pink,JBO 5 SW,268397.429999999990000,4879758.610000000300000
268505.85,4879901.36,JBO,,,pink,JBO,268505.849999999980000,4879901.360000000300000
268457.98,4879915.86,JBO,,,pink,JBO,268457.979999999980000,4879915.860000000300000
